Workbook
Name 部件与系统: #REF!
Name 部件与系统: #REF!
Name 原材料: #REF!

Sheet 全球新能源汽车销量
G1: 全球新能源乘用车销量(万辆) | Q1: 全球不同动力类型的新能源乘用车销量(万辆)
F14: 万辆 | G14: 月份 | H14: 2024 | I14: 2023 | J14: 2022 | K14: 2021 | L14: 2020 | M14: YOY | N14: 环比 | P14: 万辆 | Q14: 月份 | R14: EV | S14: YOY(EV) | T14: PHEV | U14: YOY(PHEV) | V14: 合计
G15: 1 | H15: 103.6146 | I15: 62.8839 | J15: 63.4186 | K15: 31.4715 | L15: 15.769 | M15: =I15/J15-1 -> -0.0084312804 | N15: =I15/J26-1 -> -0.50961563 | Q15: 42736 | R15: 3.0149 | S15: - | T15: 1.6542 | U15: - | V15: 4.6957
G16: 2 | H16: 81.7713 | I16: 79.7232 | J16: 56.7087 | K16: 26.2383 | L16: 12.9804 | M16: =I16/J16-1 -> 0.4058372 | N16: =I16/I15-1 -> 0.26778396 | O16: =H16/I16-1 -> 0.025690138 | Q16: 42767 | R16: 4.1 | S16: - | T16: 2.0113 | U16: - | V16: 6.1395
G17: 3 | I17: 107.3622 | J17: 81.6744 | K17: 48.7645 | L17: 16.6189 | M17: =I17/J17-1 -> 0.31451471 | N17: =I17/I16-1 -> 0.34668704 | O17: =H16/H15-1 -> -0.21081295 | Q17: 42795 | R17: 7.1043 | S17: - | T17: 2.7541 | U17: - | V17: 9.8823
G18: 4 | I18: 89.5868 | J18: 54.2854 | K18: 38.7398 | L18: 10.5022 | M18: =I18/J18-1 -> 0.65029271 | N18: =I18/I17-1 -> -0.16556479 | Q18: 42826 | R18: 4.6145 | S18: - | T18: 2.2672 | U18: - | V18: 6.8999
G19: 5 | I19: 101.1595 | J19: 70.6442 | K19: 44.2849 | L19: 13.8239 | M19: =I19/J19-1 -> 0.43195761 | N19: =I19/I18-1 -> 0.12917863 | Q19: 42856 | R19: 5.9558 | S19: - | T19: 3.1215 | U19: - | V19: 9.1116 | MA19: =I15/J15-1 -> -0.0084312804
G20: 6 | I20: 116.2203 | J20: 89.132 | K20: 53.8183 | L20: 20.1423 | M20: =I20/J20-1 -> 0.30391218 | N20: =I20/I19-1 -> 0.14888172 | Q20: 42887 | R20: 6.8753 | S20: - | T20: 3.3922 | U20: - | V20: 10.2937
G21: 7 | I21: 104.5893 | J21: 83.0791 | K21: 47.6172 | L21: 22.7704 | M21: =I21/J21-1 -> 0.25891229 | N21: =I21/I20-1 -> -0.10007718 | Q21: 42917 | R21: 6.0346 | S21: - | T21: 3.0892 | U21: - | V21: 9.1471
G22: 8 | I22: 124.2135 | J22: 90.1628 | K22: 51.713 | L22: 22.314 | M22: =I22/J22-1 -> 0.37765797 | N22: =I22/I21-1 -> 0.18763105 | Q22: 42948 | R22: 7.0687 | S22: - | T22: 3.0423 | U22: - | V22: 10.1235
G23: 9 | I23: 130.5057 | J23: 103 | K23: 64.056 | L23: 31.9715 | M23: =I23/J23-1 -> 0.26704563 | N23: =I23/I22-1 -> 0.05065633 | Q23: 42979 | R23: 9.1085 | S23: - | T23: 3.746 | U23: - | V23: 12.8835
G24: 10 | I24: 129.9028 | J24: 98.3218 | K24: 63.0817 | L24: 32.8704 | M24: =I24/J24-1 -> 0.32120038 | N24: =I24/I23-1 -> -0.0046197216 | Q24: 43009 | R24: 7.8972 | S24: - | T24: 3.3527 | U24: - | V24: 11.2809
G25: 11 | I25: 141.1452 | J25: 110.9834 | K25: 73.4662 | L25: 37.1021 | M25: =I25/J25-1 -> 0.27176857 | N25: =I25/I24-1 -> 0.086544709 | Q25: 43040 | R25: 9.7077 | S25: - | T25: 3.9982 | U25: - | V25: 13.7405
G26: 12 | I26: 161.495 | J26: 128.2339 | K26: 86.386 | L26: 50.2485 | M26: =I26/J26-1 -> 0.25937837 | N26: =I26/I25-1 -> 0.14417635 | Q26: 43070 | R26: 12.2162 | S26: - | T26: 4.222 | U26: - | V26: 16.4765
G27: 合计 | H27: =SUM(H15:H26) -> 185.3859 | I27: =SUM(I15:I26) -> 1348.7874 | J27: =SUM(J15:J26) -> 1029.6443 | K27: =SUM(K15:K26) -> 629.6374 | L27: 287.1136 | Q27: 43101 | R27: 4.1916 | S27: =R27/R15-1 -> 0.39029487 | T27: 3.2173 | U27: 0.94492806 | V27: 7.4529
Q28: 43132 | R28: 4.3375 | S28: =R28/R16-1 -> 0.057926829 | T28: 3.0812 | U28: 0.53194451 | V28: 7.4738
G29: 世界汽车组织(OICA)、乘联会 | Q29: 43160 | R29: 8.5142 | S29: =R29/R17-1 -> 0.19845727 | T29: 4.4799 | U29: 0.62662939 | V29: 13.0325
Q30: 43191 | R30: 8.1372 | S30: =R30/R18-1 -> 0.76339798 | T30: 4.2408 | U30: 0.87050106 | V30: 12.4221
Q31: 43221 | R31: 10.568 | S31: =R31/R19-1 -> 0.77440478 | T31: 4.5904 | U31: 0.47057504 | V31: 15.1882
Q32: 43252 | R32: 8.6441 | S32: =R32/R20-1 -> 0.25726877 | T32: 5.1982 | U32: 0.53239785 | V32: 13.884
Q33: 43282 | R33: 8.7699 | S33: =R33/R21-1 -> 0.45326948 | T33: 4.6558 | U33: 0.50712158 | V33: 13.488
Q34: 43313 | R34: 10.3241 | S34: =R34/R22-1 -> 0.4605373 | T34: 5.1179 | U34: 0.68224698 | V34: 15.4748
Q35: 43344 | R35: 13.4085 | S35: =R35/R23-1 -> 0.47208651 | T35: 5.107 | U35: 0.36332088 | V35: 18.5507
Q36: 43374 | R36: 14.4942 | S36: =R36/R24-1 -> 0.83535937 | T36: 4.9603 | U36: 0.47949414 | V36: 19.4863
Q37: 43405 | R37: 16.3894 | S37: =R37/R25-1 -> 0.68828868 | T37: 5.3938 | U37: 0.34905708 | V37: 21.8301
Q38: 43435 | R38: 20.3258 | S38: =R38/R26-1 -> 0.66383982 | T38: 5.4016 | U38: 0.27939365 | V38: 25.771
Q39: 43466 | R39: 11.8236 | S39: =R39/R27-1 -> 1.8207844 | T39: 3.6759 | U39: 0.14254188 | V39: 15.5192
Q40: 43497 | R40: 8.1097 | S40: =R40/R28-1 -> 0.86967147 | T40: 3.0103 | U40: -0.023010515 | V40: 11.1678
Q41: 43525 | R41: 15.6303 | S41: =R41/R29-1 -> 0.83579197 | T41: 4.814 | U41: 0.074577558 | V41: 20.4943
... Q62: 44166 | R62: 36.9355 | S62: =R62/R50-1 -> 0.80539534 | T62: 13.2172 | U62: 1.6870203 | V62: 50.2485
Q63: 44197 | R63: 21.4716 | S63: =R63/R51-1 -> 1.1087181 | T63: 9.9339 | U63: =T63/T51-1 -> 0.78728342 | V63: 31.4715
Q64: 44228 | R64: 17.0094 | S64: =R64/R52-1 -> 1.0157855 | T64: 9.1133 | U64: =T64/T52-1 -> 1.0469206 | V64: 26.2383
Q65: 44256 | R65: 31.8389 | S65: =R65/R53-1 -> 1.6757627 | T65: 16.7148 | U65: =T65/T53-1 -> 2.608004 | V65: 48.7645
Q66: 44287 | R66: 25.5787 | S66: =R66/R54-1 -> 2.6366441 | T66: 12.9614 | U66: =T66/T54-1 -> 2.8337129 | V66: 38.7398
Q67: 44317 | R67: 30.1601 | S67: =R67/R55-1 -> 2.2471765 | T67: 13.9768 | U67: =T67/T55-1 -> 2.1128037 | V67: 44.2849
Q68: 44348 | R68: 37.2538 | S68: =R68/R56-1 -> 1.7726647 | T68: 16.4336 | U68: =T68/T56-1 -> 1.4698067 | V68: 53.8183
Q69: 44378 | R69: 32.4004 | S69: =R69/R57-1 -> 1.2109674 | T69: 15.1172 | U69: =T69/T57-1 -> 0.88251996 | V69: 47.6172
Q70: 44409 | R70: 37.9016 | S70: =R70/R58-1 -> 1.4137303 | T70: 13.7173 | U70: =T70/T58-1 -> 1.103203 | V70: 51.713
Q71: 44440 | R71: 47.3795 | S71: =R71/R59-1 -> 1.075754 | T71: 16.5113 | U71: =T71/T59-1 -> 0.821193 | V71: 64.056
Q72: 44470 | R72: 47.036 | S72: =R72/R60-1 -> 1.0821602 | T72: 15.8877 | U72: =T72/T60-1 -> 0.55911562 | V72: 63.0817
Q73: 44501 | R73: 54.4742 | S73: =R73/R61-1 -> 1.0561656 | T73: 18.8757 | U73: =T73/T61-1 -> 0.7899633 | V73: 73.4662
Q74: 44531 | R74: 66.5715 | S74: =R74/R62-1 -> 0.8023717 | T74: 19.7419 | U74: =T74/T62-1 -> 0.49365221 | V74: 86.386
... Q79: 44682 | R79: 51.0596 | S79: =R79/R67-1 -> 0.69295195 | T79: 19.4183 | U79: =T79/T67-1 -> 0.38932374 | V79: 70.6442
Q80: 44713 | R80: 66.471 | S80: =R80/R68-1 -> 0.78427436 | T80: 22.5175 | U80: 0.37021103 | V80: 89.132
Q81: 44743 | R81: 60.7874 | S81: 0.87368366 | T81: 22.2869 | U81: 0.47427434 | V81: 83.0791
Q82: 44774 | R82: 66.6767 | S82: 0.75920542 | T82: 23.3485 | U82: 0.70212068 | V82: 90.1628
Q83: 44805 | R83: 76 | S83: 0.60340865 | T83: 26.9 | U83: 0.6309376 | V83: 103
Q84: 44835 | R84: 71.3272 | S84: 0.51643847 | T84: 26.8503 | U84: 0.69000548 | V84: 98.3218
Q85: 44866 | R85: 81.9815 | S85: =R85/R73-1 -> 0.50496015 | T85: 28.854 | U85: =T85/T73-1 -> 0.52863205 | V85: 110.8355
Q86: 44896 | R86: 94.7922 | S86: =R86/R74-1 -> 0.42391564 | T86: 33.3456 | U86: =T86/T74-1 -> 0.68907755 | V86: 128.1378
Q87: 44927 | R87: 42.7308 | S87: =R87/R75-1 -> -0.085901802 | T87: 20.0901 | U87: =T87/T75-1 -> 0.21045845 | V87: 62.8839
Q88: 44958 | R88: 57.2433 | S88: =R88/R76-1 -> 0.38826157 | T88: 22.2888 | U88: =T88/T76-1 -> 0.45112209 | V88: =R88+T88 -> 79.5321
Q89: 44986 | R89: 80.1754 | S89: =R89/R77-1 -> 0.29963722 | T89: 27.0212 | U89: =T89/T77-1 -> 0.36091301 | V89: =R89+T89 -> 107.1966
Q90: 45017 | R90: 64.7537 | S90: =R90/R78-1 -> 0.68198856 | T90: 24.6013 | U90: =T90/T78-1 -> 0.5749872 | V90: =R90+T90 -> 89.355
Q91: 45047 | R91: 73.3325 | S91: =R91/R79-1 -> 0.43621376 | T91: 27.7224 | U91: =T91/T79-1 -> 0.427643 | V91: =R91+T91 -> 101.0549
Q92: 45078 | R92: 84.8581 | S92: =R92/R80-1 -> 0.27661837 | T92: 31.1414 | U92: =T92/T80-1 -> 0.38298657 | V92: =R92+T92 -> 115.9995
Q93: 45108 | R93: 74.67 | S93: =R93/R81-1 -> 0.22837957 | T93: 29.6279 | U93: =T93/T81-1 -> 0.32938632 | V93: =R93+T93 -> 104.2979
Q94: 45139 | R94: 91.2343 | S94: =R94/R82-1 -> 0.36830857 | T94: 32.9054 | U94: =T94/T82-1 -> 0.40931537 | V94: =R94+T94 -> 124.1397
Q95: 45170 | R95: 92.6447 | S95: =R95/R83-1 -> 0.21900921 | T95: 37.8111 | U95: =T95/T83-1 -> 0.4056171 | V95: =R95+T95 -> 130.4558
Q96: 45200 | R96: 89.7734 | S96: =R96/R84-1 -> 0.25861382 | T96: 40.0905 | U96: =T96/T84-1 -> 0.49311181 | V96: =R96+T96 -> 129.8639
Q97: 45231 | R97: 99.3175 | S97: =R97/R85-1 -> 0.21146234 | T97: 41.7861 | U97: =T97/T85-1 -> 0.44819089 | V97: =R97+T97 -> 141.1036
Q98: 45262 | R98: 114.0329 | S98: =R98/R86-1 -> 0.20297767 | T98: 47.4356 | U98: =T98/T86-1 -> 0.4225445 | V98: =R98+T98 -> 161.4685
Q99: 45294 | R99: 65.9249 | S99: =R99/R87-1 -> 0.54279583 | T99: 37.6715 | U99: =T99/T87-1 -> 0.87512755 | V99: =R99+T99 -> 103.5964
Q100: 45323 | R100: 53.7259 | S100: =R100/R88-1 -> -0.061446492 | T100: 27.9886 | U100: =T100/T88-1 -> 0.25572485 | V100: =R100+T100 -> 81.7145

Sheet 全球新能源车分地区销量
A15: 地区划分全球新能源乘用车销量(万辆)
A16: 当月 | B16: 中国 | C16: 美国 | D16: 欧洲 | E16: 其他 | F16: 德国 | G16: 法国 | H16: 英国 | I16: 挪威 | J16: 意大利 | K16: 葡萄牙 | L16: 荷兰 | M16: 西班牙 | N16: 芬兰 | O16: 欧洲其他 | P16: 日本 | Q16: 韩国 | R16: 其他 | S16: 总计 | T16: 累计销量
A17: 43101 | B17: 3.2029 | C17: 1.2155 | D17: =SUM(F17:O17) -> 2.2358 | E17: =S17-B17-C17-D17 -> 0.7987 | F17: 0.5303 | G17: 0.2675 | H17: 0.308 | I17: 0.3693 | J17: 0.056 | K17: 0.0479 | L17: 0.1294 | M17: 0.0638 | N17: 0.037 | O17: 0.4266 | P17: 0.5825 | Q17: 0.1263 | R17: 0.0899 | S17: 7.4529 | T17: =S17 -> 7.4529
A18: 43132 | B18: 2.8496 | C18: 1.6912 | D18: =SUM(F18:O18) -> 2.1224 | E18: =S18-B18-C18-D18 -> 0.8106 | F18: 0.4719 | G18: 0.3591 | H18: 0.1511 | I18: 0.445 | J18: 0.0483 | K18: 0.0444 | L18: 0.1003 | M18: 0.0618 | N18: 0.0274 | O18: 0.4131 | P18: 0.5561 | Q18: 0.1234 | R18: 0.1311 | S18: 7.4738 | T18: =T17+S18 -> 14.9267
A19: 43160 | B19: 5.5719 | C19: 2.5566 | D19: =SUM(F19:O19) -> 3.9814 | E19: =S19-B19-C19-D19 -> 0.9226 | F19: 0.6878 | G19: 0.6331 | H19: 0.8385 | I19: 0.8041 | J19: 0.0859 | K19: 0.0592 | L19: 0.174 | M19: 0.0677 | N19: 0.0341 | O19: 0.597 | P19: 0.5198 | Q19: 0.1842 | R19: 0.2186 | S19: 13.0325 | T19: =T18+S19 -> 27.9592
A20: 43191 | B20: 7.3371 | C20: 1.9048 | D20: =SUM(F20:O20) -> 2.6515 | E20: =S20-B20-C20-D20 -> 0.5287 | F20: 0.556 | G20: 0.3412 | H20: 0.3323 | I20: 0.6118 | J20: 0.072 | K20: 0.0741 | L20: 0.0913 | M20: 0.0705 | N20: 0.0414 | O20: 0.4609 | P20: 0.217 | Q20: 0.1729 | R20: 0.1388 | S20: 12.4221 | T20: =T19+S20 -> 40.3813
A21: 43221 | B21: 9.2299 | C21: 2.4162 | D21: =SUM(F21:O21) -> 2.7107 | E21: =S21-B21-C21-D21 -> 0.8314 | F21: 0.4946 | G21: 0.3842 | H21: 0.4109 | I21: 0.5518 | J21: 0.1025 | K21: 0.0712 | L21: 0.1201 | M21: 0.0615 | N21: 0.0846 | O21: 0.4293 | P21: 0.3139 | Q21: 0.2598 | R21: 0.2577 | S21: 15.1882 | T21: =T20+S21 -> 55.5695
A22: 43252 | B22: 7.1741 | C22: 2.226 | D22: =SUM(F22:O22) -> 3.5834 | E22: =S22-B22-C22-D22 -> 0.9005 | F22: 0.5783 | G22: 0.5671 | H22: 0.5844 | I22: 0.7977 | J22: 0.0786 | K22: 0.0662 | L22: 0.2168 | M22: 0.0717 | N22: 0.0315 | O22: 0.5911 | P22: 0.3075 | Q22: 0.4104 | R22: 0.1826 | S22: 13.884 | T22: =T21+S22 -> 69.4535
A23: 43282 | B23: 7.1105 | C23: 2.8865 | D23: =SUM(F23:O23) -> 2.5333 | E23: =S23-B23-C23-D23 -> 0.9577 | F23: 0.6252 | G23: 0.3092 | H23: 0.3858 | I23: 0.3745 | J23: 0.1283 | K23: 0.0614 | L23: 0.1139 | M23: 0.0665 | N23: 0.0345 | O23: 0.434 | P23: 0.3667 | Q23: 0.3119 | R23: 0.2791 | S23: 13.488 | T23: =T22+S23 -> 82.9415
A24: 43313 | B24: 8.4259 | C24: 3.3218 | D24: =SUM(F24:O24) -> 2.7255 | E24: =S24-B24-C24-D24 -> 1.0016 | F24: 0.6023 | G24: 0.3091 | H24: 0.3482 | I24: 0.6109 | J24: 0.0447 | K24: 0.0592 | L24: 0.1627 | M24: 0.0602 | N24: 0.0393 | O24: 0.4889 | P24: 0.3512 | Q24: 0.2958 | R24: 0.3546 | S24: 15.4748 | T24: =T23+S24 -> 98.4163
A25: 43344 | B25: 9.8915 | C25: 4.4399 | D25: =SUM(F25:O25) -> 3.1535 | E25: =S25-B25-C25-D25 -> 1.0658 | F25: 0.4169 | G25: 0.4358 | H25: 0.6587 | I25: 0.6396 | J25: 0.0919 | K25: 0.071 | L25: 0.2885 | M25: 0.0767 | N25: 0.0258 | O25: 0.4486 | P25: 0.5054 | Q25: 0.3118 | R25: 0.2486 | S25: 18.5507 | T25: =T24+S25 -> 116.967
A26: 43374 | B26: 11.9792 | C26: 3.4616 | D26: =SUM(F26:O26) -> 3.0769 | E26: =S26-B26-C26-D26 -> 0.9686 | F26: 0.4788 | G26: 0.4739 | H26: 0.434 | I26: 0.6471 | J26: 0.1375 | K26: 0.0774 | L26: 0.1775 | M26: 0.0809 | N26: 0.0495 | O26: 0.5203 | P26: 0.3119 | Q26: 0.4439 | R26: 0.2128 | S26: 19.4863 | T26: =T25+S26 -> 136.4533
A27: 43405 | B27: 13.1263 | C27: 4.0785 | D27: =SUM(F27:O27) -> 3.4795 | E27: =S27-B27-C27-D27 -> 1.1458 | F27: 0.5766 | G27: 0.5725 | H27: 0.4237 | I27: 0.7004 | J27: 0.0344 | K27: 0.0919 | L27: 0.3339 | M27: 0.0949 | N27: 0.0358 | O27: 0.6154 | P27: 0.4172 | Q27: 0.5314 | R27: 0.1972 | S27: 21.8301 | T27: =T26+S27 -> 158.2834
A28: 43435 | B28: 16.0231 | C28: 5.0939 | D28: =SUM(F28:O28) -> 3.9511 | E28: =S28-B28-C28-D28 -> 0.7029 | F28: 0.6079 | G28: 0.643 | H28: 0.515 | I28: 0.7178 | J28: 0.0293 | K28: 0.0661 | L28: 0.6275 | M28: 0.2144 | N28: 0.0231 | O28: 0.507 | P28: 0.1971 | Q28: 0.2706 | R28: 0.2352 | S28: 25.771 | T28: =T27+S28 -> 184.0544
A29: 43466 | B29: 9.1137 | C29: 2.6445 | D29: =SUM(F29:O29) -> 3.117 | E29: =S29-B29-C29-D29 -> 0.644 | F29: 0.6655 | G29: 0.4616 | H29: 0.3222 | I29: 0.4705 | J29: 0.0556 | K29: 0.0989 | L29: 0.3277 | M29: 0.1031 | N29: 0.0089 | O29: 0.603 | P29: 0.3769 | Q29: 0.1009 | R29: 0.1662 | S29: 15.5192 | T29: =S29 -> 15.5192
A30: 43497 | B30: 5.0154 | C30: 2.443 | D30: =SUM(F30:O30) -> 3.095 | E30: =S30-B30-C30-D30 -> 0.6144 | F30: 0.6504 | G30: 0.4652 | H30: 0.1961 | I30: 0.5932 | J30: 0.0655 | K30: 0.086 | L30: 0.2458 | M30: 0.1225 | N30: 0.0099 | O30: 0.6604 | P30: 0.3454 | Q30: 0.1022 | R30: 0.1668 | S30: 11.1678 | T30: =T29+S30 -> 26.687
A31: 43525 | B31: 10.9789 | C31: 2.649 | D31: =SUM(F31:O31) -> 5.8069 | E31: =S31-B31-C31-D31 -> 1.0595 | F31: 0.997 | G31: 0.6764 | H31: 0.7955 | I31: 1.2767 | J31: 0.1112 | K31: 0.1292 | L31: 0.4823 | M31: 0.1963 | N31: 0.0197 | O31: 1.1226 | P31: 0.3967 | Q31: 0.4806 | R31: 0.1822 | S31: 20.4943 | T31: =S31 -> 20.4943
A32: 43556 | B32: 9.1045 | C32: 2.0594 | D32: =SUM(F32:O32) -> 3.6216 | E32: =S32-B32-C32-D32 -> 0.7 | F32: 0.8047 | G32: 0.5006 | H32: 0.3234 | I32: 0.5603 | J32: 0.1684 | K32: 0.0836 | L32: 0.2684 | M32: 0.1116 | N32: 0.018 | O32: 0.7826 | P32: 0.162 | Q32: 0.4133 | R32: 0.1247 | S32: 15.4855 | T32: =T31+S32 -> 35.9798
A33: 43586 | B33: 9.6993 | C33: 2.4793 | D33: =SUM(F33:O33) -> 3.5717 | E33: =S33-B33-C33-D33 -> 1.0319 | F33: 0.7548 | G33: 0.4539 | H33: 0.4069 | I33: 0.6102 | J33: 0.1616 | K33: 0.0907 | L33: 0.2644 | M33: 0.137 | N33: 0.0085 | O33: 0.6837 | P33: 0.2178 | Q33: 0.4702 | R33: 0.3439 | S33: 16.7822 | T33: =S33 -> 16.7822
A34: 43617 | B34: 13.4472 | C34: 2.7464 | D34: =SUM(F34:O34) -> 4.5798 | E34: =S34-B34-C34-D34 -> 1.0722 | F34: 0.7948 | G34: 0.6413 | H34: 0.443 | I34: 0.8868 | J34: 0.1992 | K34: 0.126 | L34: 0.46 | M34: 0.1459 | N34: 0.0222 | O34: 0.8606 | P34: 0.297 | Q34: 0.3936 | R34: 0.3816 | S34: 21.8456 | T34: =T33+S34 -> 38.6278
A35: 43647 | B35: 6.7283 | C35: 2.4838 | D35: =SUM(F35:O35) -> 3.4067 | E35: =S35-B35-C35-D35 -> 1.018 | F35: 0.9198 | G35: 0.4766 | H35: 0.381 | I35: 0.4428 | J35: 0.122 | K35: 0.083 | L35: 0.2288 | M35: 0.1087 | N35: 0.0143 | O35: 0.6297 | P35: 0.3559 | Q35: 0.3837 | R35: 0.2784 | S35: 13.6368 | T35: =S35 -> 13.6368
A36: 43678 | B36: 7.134 | C36: 2.708 | D36: =SUM(F36:O36) -> 3.455 | E36: =S36-B36-C36-D36 -> 0.8628 | F36: 0.8923 | G36: 0.3783 | H36: 0.4109 | I36: 0.5898 | J36: 0.0841 | K36: 0.0769 | L36: 0.3145 | M36: 0.0819 | N36: 0.013 | O36: 0.6133 | P36: 0.2975 | Q36: 0.2706 | R36: 0.2947 | S36: 14.1598 | T36: =T35+S36 -> 27.7966
A37: 43709 | B37: 6.5514 | C37: 2.7874 | D37: =SUM(F37:O37) -> 5.6972 | E37: =S37-B37-C37-D37 -> 1.054 | F37: 0.9363 | G37: 0.6192 | H37: 1.2184 | I37: 0.721 | J37: 0.1831 | K37: 0.1161 | L37: 0.8018 | M37: 0.1315 | N37: 0.0199 | O37: 0.9499 | P37: 0.5001 | Q37: 0.2373 | R37: 0.3166 | S37: 16.09 | T37: =S37 -> 16.09
A38: 43739 | B38: 6.6039 | C38: 2.5927 | D38: =SUM(F38:O38) -> 4.8908 | E38: =S38-B38-C38-D38 -> 0.687 | F38: 1.2288 | G38: 0.7016 | H38: 0.6306 | I38: 0.6096 | J38: 0.1212 | K38: 0.1413 | L38: 0.2969 | M38: 0.1918 | N38: 0.004 | O38: 0.965 | P38: 0.1672 | Q38: 0.2911 | R38: 0.2287 | S38: 14.7744 | T38: =T37+S38 -> 30.8644
A39: 43770 | B39: 7.9168 | C39: 2.9741 | D39: =SUM(F39:O39) -> 5.3253 | E39: =S39-B39-C39-D39 -> 0.7337 | F39: 1.1192 | G39: 0.6185 | H39: 0.8863 | I39: 0.595 | J39: 0.131 | K39: 0.1325 | L39: 0.7563 | M39: 0.1914 | N39: 0.0052 | O39: 0.8899 | P39: 0.2579 | Q39: 0.2844 | R39: 0.1914 | S39: 16.9499 | T39: =S39 -> 16.9499
A40: 43800 | B40: 13.9211 | C40: 3.5925 | D40: =SUM(F40:O40) -> 7.2998 | E40: =S40-B40-C40-D40 -> 0.6488 | F40: 0.9187 | G40: 0.8451 | H40: 0.9121 | I40: 0.5962 | J40: 0.1304 | K40: 0.1309 | L40: 2.1976 | M40: 0.1701 | N40: 0.0134 | O40: 1.3853 | P40: 0.2289 | Q40: 0.1852 | R40: 0.2347 | S40: 25.4622 | T40: =T39+S40 -> 42.4121
A41: 43831 | B41: 4.2945 | C41: 3.3544 | D41: =SUM(F41:O41) -> 7.4958 | E41: =S41-B41-C41-D41 -> 0.6243 | F41: 1.9533 | G41: 1.4955 | H41: 0.8653 | I41: 0.612 | J41: 0.4051 | K41: 0.1686 | L41: 0.3626 | M41: 0.3429 | N41: 0.0152 | O41: 1.2753 | P41: 0.1789 | Q41: 0.0783 | R41: 0.3671 | S41: 15.769 | T41: =S41 -> 15.769
A42: 43862 | B42: 1.5372 | C42: 3.1601 | D42: =SUM(F42:O42) -> 7.34 | E42: =S42-B42-C42-D42 -> 0.9431 | F42: 2.141 | G42: 1.3932 | H42: 0.461 | I42: 0.7044 | J42: 0.4554 | K42: 0.1643 | L42: 0.4235 | M42: 0.3353 | N42: 0.0108 | O42: 1.2511 | P42: 0.4294 | Q42: 0.2871 | R42: 0.2266 | S42: 12.9804 | T42: =T41+S42 -> 28.7494
A43: 43891 | B43: 5.6661 | C43: 1.9171 | D43: =SUM(F43:O43) -> 7.9754 | E43: =S43-B43-C43-D43 -> 1.0603 | F43: 2.0504 | G43: 0.7573 | H43: 1.7718 | I43: 0.9315 | J43: 0.1529 | K43: 0.1505 | L43: 0.433 | M43: 0.146 | N43: 0.0425 | O43: 1.5395 | P43: 0.2761 | Q43: 0.5448 | R43: 0.2394 | S43: 16.6189 | T43: =S43 -> 16.6189
A44: 43922 | B44: 5.8622 | C44: 0.9862 | D44: =SUM(F44:O44) -> 2.988 | E44: =S44-B44-C44-D44 -> 0.6658 | F44: 1.1312 | G44: 0.1635 | H44: 0.1377 | I44: 0.5089 | J44: 0.0568 | K44: 0.0525 | L44: 0.1727 | M44: 0.0212 | N44: 0.0146 | O44: 0.7289 | P44: 0.0807 | Q44: 0.4605 | R44: 0.1246 | S44: 10.5022 | T44: =T43+S44 -> 27.1211
A45: 43952 | B45: 6.9861 | C45: 1.4329 | D45: =SUM(F45:O45) -> 4.8478 | E45: =S45-B45-C45-D45 -> 0.5571 | F45: 1.4777 | G45: 0.7636 | H45: 0.3183 | I45: 0.5216 | J45: 0.3209 | K45: 0.0837 | L45: 0.2188 | M45: 0.1413 | N45: 0.0127 | O45: 0.9892 | P45: 0.0839 | Q45: 0.2895 | R45: 0.1837 | S45: 13.8239 | T45: =S45 -> 13.8239
A46: 43983 | B46: 8.3799 | C46: 1.8709 | D46: =SUM(F46:O46) -> 9.1698 | E46: =S46-B46-C46-D46 -> 0.7217 | F46: 2.1542 | G46: 2.1003 | H46: 1.3364 | I46: 0.7552 | J46: 0.4211 | K46: 0.1133 | L46: 0.4059 | M46: 0.2867 | N46: 0.0166 | O46: 1.5801 | P46: 0.1467 | Q46: 0.3142 | R46: 0.2608 | S46: 20.1423 | T46: =T45+S46 -> 33.9662
A47: 44013 | B47: 8.6575 | C47: 2.436 | D47: =SUM(F47:O47) -> 10.8609 | E47: =S47-B47-C47-D47 -> 0.816 | F47: 4.0223 | G47: 1.6417 | H47: 1.4762 | I47: 0.6663 | J47: 0.4164 | K47: 0.1833 | L47: 0.5142 | M47: 0.4368 | N47: 0.0116 | O47: 1.4921 | P47: 0.1598 | Q47: 0.416 | R47: 0.2402 | S47: 22.7704 | T47: =S47 -> 22.7704
A48: 44044 | B48: 9.8836 | C48: 2.8403 | D48: =SUM(F48:O48) -> 8.8128 | E48: =S48-B48-C48-D48 -> 0.7773 | F48: 3.1225 | G48: 1.0884 | H48: 0.8949 | I48: 0.752 | J48: 0.3935 | K48: 0.1621 | L48: 0.5635 | M48: 0.2975 | N48: 0.0193 | O48: 1.5191 | P48: 0.1197 | Q48: 0.373 | R48: 0.2846 | S48: 22.314 | T48: =T47+S48 -> 45.0844
A49: 44075 | B49: 12.6154 | C49: 3.4299 | D49: =SUM(F49:O49) -> 14.8081 | E49: =S49-B49-C49-D49 -> 1.1181 | F49: 4.0462 | G49: 1.8743 | H49: 3.299 | I49: 1.2651 | J49: 0.5912 | K49: 0.1849 | L49: 0.7324 | M49: 0.4147 | N49: 0.0577 | O49: 2.3426 | P49: 0.2385 | Q49: 0.5698 | R49: 0.3098 | S49: 31.9715 | T49: =S49 -> 31.9715
A50: 44105 | B50: 14.4634 | C50: 3.3129 | D50: =SUM(F50:O50) -> 14.0293 | E50: =S50-B50-C50-D50 -> 1.0648 | F50: 4.6207 | G50: 2.2118 | H50: 1.7563 | I50: 1.0216 | J50: 0.6092 | K50: 0.2068 | L50: 0.8164 | M50: 0.4646 | N50: 0.0171 | O50: 2.3048 | P50: 0.1881 | Q50: 0.4995 | R50: 0.3772 | S50: 32.8704 | T50: =T49+S50 -> 64.8419
A51: 44136 | B51: 18.3269 | C51: 3.3271 | D51: =SUM(F51:O51) -> 14.4721 | E51: =S51-B51-C51-D51 -> 0.976 | F51: 5.7544 | G51: 1.9028 | H51: 1.8166 | I51: 0.9992 | J51: 0.6842 | K51: 0.2412 | L51: 0.9201 | M51: 0.1543 | N51: 0.0196 | O51: 1.9797 | P51: 0.2333 | Q51: 0.3951 | R51: 0.3476 | S51: 37.1021 | T51: =S51 -> 37.1021
A52: 44166 | B52: 20.6728 | C52: 4.3614 | D52: =SUM(F52:O52) -> 24.0164 | E52: =S52-B52-C52-D52 -> 1.1979 | F52: 7.9806 | G52: 3.6664 | H52: 3.0653 | I52: 1.7753 | J52: 0.6756 | K52: 0.3123 | L52: 2.7541 | M52: 0.2804 | N52: 0.0732 | O52: 3.4332 | P52: 0.3657 | Q52: 0.512 | R52: 0.3202 | S52: 50.2485 | T52: =T51+S52 -> 87.3506
A53: 44197 | B53: 16.201 | C53: 3.5805 | D53: =SUM(F53:O53) -> 10.924 | E53: =S53-B53-C53-D53 -> 0.766 | F53: 3.5962 | G53: 1.49 | H53: 1.2459 | I53: 0.8229 | J53: 0.9209 | K53: 0.1435 | L53: 0.4394 | M53: 0.2776 | N53: 0.1893 | O53: 1.7983 | P53: 0.3117 | Q53: 0.1662 | R53: 0.2881 | S53: 31.4715 | T53: =S53 -> 31.4715
A54: 44228 | B54: 9.7959 | C54: 3.9277 | D54: =SUM(F54:O54) -> 11.2794 | E54: =S54-B54-C54-D54 -> 1.2353 | F54: 3.862 | G54: 1.787 | H54: 0.6803 | I54: 0.8391 | J54: 1.1192 | K54: 0.1497 | L54: 0.284 | M54: 0.3975 | N54: 0.1989 | O54: 1.9617 | P54: 0.3783 | Q54: 0.557 | R54: 0.3 | S54: 26.2383 | T54: =T53+S54 -> 57.7098
A55: 44256 | B55: 20.1481 | C55: 5.07 | D55: =SUM(F55:O55) -> 21.6967 | E55: =S55-B55-C55-D55 -> 1.8497 | F55: 6.3829 | G55: 2.9573 | H55: 4.0685 | I55: 1.2819 | J55: 1.6881 | K55: 0.21 | L55: 0.4837 | M55: 0.6639 | N55: 0.2576 | O55: 3.7028 | P55: 0.5231 | Q55: 0.8339 | R55: 0.4929 | S55: 48.7645 | T55: =T54+S55 -> 106.4743
A56: 44287 | B56: 17.9141 | C56: 4.1771 | D56: =SUM(F56:O56) -> 15.2611 | E56: =S56-B56-C56-D56 -> 1.3875 | F56: 4.9536 | G56: 2.0611 | H56: 1.9125 | I56: 1.0476 | J56: 1.3154 | K56: 0.2355 | L56: 0.4817 | M56: 0.5471 | N56: 0.2381 | O56: 2.4685 | P56: 0.2482 | Q56: 0.7022 | R56: 0.398 | S56: 38.7398 | T56: =T55+S56 -> 145.2141
A57: 44317 | B57: 19.8098 | C57: 5.8067 | D57: =SUM(F57:O57) -> 17.0653 | E57: =S57-B57-C57-D57 -> 1.6031 | F57: 5.298 | G57: 2.3928 | H57: 2.3341 | I57: 1.1607 | J57: 1.5392 | K57: 0.2388 | L57: 0.6152 | M57: 0.6844 | N57: 0.2778 | O57: 2.5243 | P57: 0.2575 | Q57: 0.8169 | R57: 0.5287 | S57: 44.2849 | T57: =T56+S57 -> 189.499
A58: 44348 | B58: 23.4903 | C58: 4.9052 | D58: =SUM(F58:O58) -> 23.1502 | E58: =S58-B58-C58-D58 -> 2.2726 | F58: 6.3757 | G58: 3.7512 | H58: 3.3377 | I58: 1.7235 | J58: 1.7067 | K58: 0.2931 | L58: 0.8859 | M58: 0.7535 | N58: 0.2858 | O58: 4.0371 | P58: 0.3387 | Q58: 1.1022 | R58: 0.8317 | S58: 53.8183 | T58: =T57+S58 -> 243.3173
A59: 44378 | B59: 24.5034 | C59: 5.8363 | D59: =SUM(F59:O59) -> 15.4836 | E59: =S59-B59-C59-D59 -> 1.7939 | F59: 5.553 | G59: 1.8026 | H59: 2.1175 | I59: 0.8842 | J59: 1.263 | K59: 0.2281 | L59: 0.5811 | M59: 0.6118 | N59: 0.2095 | O59: 2.2328 | P59: 0.3508 | Q59: 0.8992 | R59: 0.5439 | S59: 47.6172 | T59: =T58+S59 -> 290.9345
A60: 44409 | B60: 30.1998 | C60: 4.8836 | D60: =SUM(F60:O60) -> 14.5802 | E60: =S60-B60-C60-D60 -> 2.0494 | F60: 5.158 | G60: 1.7723 | H60: 1.3252 | I60: 1.4292 | J60: 0.7214 | K60: 0.1926 | L60: 0.6647 | M60: 0.3867 | N60: 0.2284 | O60: 2.7017 | P60: 0.325 | Q60: 1.0337 | R60: 0.7262 | S60: 51.713 | T60: =T59+S60 -> 342.6475
A61: 44440 | B61: 34.7471 | C61: 5.6039 | D61: =SUM(F61:O61) -> 21.4549 | E61: =S61-B61-C61-D61 -> 2.2501 | F61: 5.5096 | G61: 2.948 | H61: 4.6546 | I61: 1.6338 | J61: 1.5614 | K61: 0.2703 | L61: 0.7824 | M61: 0.6188 | N61: 0.2241 | O61: 3.2519 | P61: 0.3945 | Q61: 1.1356 | R61: 0.72 | S61: 64.056 | T61: =T60+S61 -> 406.7035
A62: 44470 | B62: 36.7105 | C62: 6.8284 | D62: =SUM(F62:O62) -> 17.3832 | E62: =S62-B62-C62-D62 -> 2.1596 | F62: 5.2108 | G62: 2.6876 | H62: 2.5385 | I62: 0.9835 | J62: 1.3866 | K62: 0.2944 | L62: 0.7531 | M62: 0.6433 | N62: 0.2548 | O62: 2.6306 | P62: 0.2686 | Q62: 1.377 | R62: 0.514 | S62: 63.0817 | T62: =T61+S62 -> 469.7852
A63: 44501 | B63: 43.0864 | C63: 7.1965 | D63: =SUM(F63:O63) -> 21.1284 | E63: =S63-B63-C63-D63 -> 2.0549 | F63: 6.5191 | G63: 2.847 | H63: 3.3924 | I63: 1.319 | J63: 1.5015 | K63: 0.348 | L63: 1.0609 | M63: 0.6688 | N63: 0.268 | O63: 3.2037 | P63: 0.37 | Q63: 1.0844 | R63: 0.6005 | S63: 73.4662 | T63: =T62+S63 -> 543.2514
A64: 44531 | B64: 50.4464 | C64: 7.6328 | D64: =SUM(F64:O64) -> 26.4679 | E64: =S64-B64-C64-D64 -> 1.8389 | F64: 7.8027 | G64: 3.9574 | H64: 3.8375 | I64: 1.8025 | J64: 1.2411 | K64: 0.3299 | L64: 2.255 | M64: 0.8455 | N64: 0.2995 | O64: 4.0968 | P64: 0.3863 | Q64: 0.801 | R64: 0.6516 | S64: 86.386 | T64: =T63+S64 -> 629.6374
A65: 44562 | B65: 41.3082 | C65: 6.2671 | D65: =SUM(F65:O65) -> 14.4467 | E65: =S65-B65-C65-D65 -> 1.3966 | F65: 3.8397 | G65: 1.8224 | H65: 2.5367 | I65: 0.7199 | J65: 1.1331 | K65: 0.2335 | L65: 0.7126 | M65: 0.4326 | N65: 0.2541 | O65: 2.7621 | P65: 0.6018 | Q65: 0.2597 | R65: 0.5351 | S65: 63.4186 | T65: =S65 -> 63.4186
A66: 44593 | B66: 31.9981 | C66: 6.9823 | D66: =SUM(F66:O66) -> 15.295 | E66: =S66-B66-C66-D66 -> 2.4333 | F66: 4.8009 | G66: 2.3509 | H66: 1.7141 | I66: 0.7012 | J66: 1.185 | K66: 0.2521 | L66: 0.6344 | M66: 0.5988 | N66: 0.2086 | O66: 2.849 | P66: 0.5192 | Q66: 1.2118 | R66: 0.7023 | S66: 56.7087 | T66: =T65+S66 -> 120.1273
A67: 44621 | B67: 45.5054 | C67: 8.3589 | D67: =SUM(F67:O67) -> 24.2075 | E67: =S67-B67-C67-D67 -> 3.6026 | F67: 5.9814 | G67: 3.1822 | H67: 5.9263 | I67: 1.493 | J67: 1.4057 | K67: 0.3056 | L67: 0.8532 | M67: 0.6996 | N67: 0.2727 | O67: 4.0878 | P67: 0.7092 | Q67: 1.3649 | R67: 1.5285 | S67: 81.6744 | T67: =T66+S67 -> 201.8017
A68: 44652 | B68: 27.895 | C68: 8.6563 | D68: =SUM(F68:O68) -> 15.0336 | E68: =S68-B68-C68-D68 -> 2.7005 | F68: 4.1758 | G68: 2.32 | H68: 2.1474 | I68: 0.8188 | J68: 1.1393 | K68: 0.229 | L68: 0.7865 | M68: 0.6139 | N68: 0.1889 | O68: 2.614 | P68: 0.38 | Q68: 1.4867 | R68: 0.8338 | S68: 54.2854 | T68: =T67+S68 -> 256.0871
A69: 44682 | B69: 41.8145 | C69: 8.5185 | D69: =SUM(F69:O69) -> 17.5009 | E69: =S69-B69-C69-D69 -> 2.8103 | F69: 5.1326 | G69: 2.6683 | H69: 2.4614 | I69: 0.982 | J69: 1.2719 | K69: 0.2554 | L69: 0.7951 | M69: 0.6677 | N69: 0.2663 | O69: 3.0002 | P69: 0.4638 | Q69: 1.4504 | R69: 0.8961 | S69: 70.6442 | T69: =T68+S69 -> 326.7313
A70: 44713 | B70: 56.0332 | C70: 8.5996 | D70: =SUM(F70:O70) -> 21.4394 | E70: =S70-B70-C70-D70 -> 3.0598 | F70: 5.7716 | G70: 3.4198 | H70: 3.4836 | I70: 1.3388 | J70: 1.5 | K70: 0.2918 | L70: 1.0044 | M70: 0.7149 | N70: 0.2532 | O70: 3.6613 | P70: 0.8007 | Q70: 1.1752 | R70: 1.0515 | S70: 89.132 | T70: =T69+S70 -> 415.8633
A71: 44743 | B71: 55.4497 | C71: 8.5826 | D71: =SUM(F71:O71) -> 15.3428 | E71: =S71-B71-C71-D71 -> 3.704 | F71: 5.0091 | G71: 2.0413 | H71: 2.0725 | I71: 0.6011 | J71: 1.1 | K71: 0.2488 | L71: 0.6987 | M71: 0.6682 | N71: 0.2018 | O71: 2.7013 | P71: 1.0384 | Q71: 1.5962 | R71: 1.0429 | S71: 83.0791 | T71: =T70+S71 -> 498.9424
A72: 44774 | B72: 62.355 | C72: 8.2781 | D72: =SUM(F72:O72) -> 15.5497 | E72: =S72-B72-C72-D72 -> 3.98 | F72: 5.6363 | G72: 1.9468 | H72: 1.521 | I72: 1.0642 | J72: 0.7 | K72: 0.218 | L72: 0.8128 | M72: 0.5291 | N72: 0.2945 | O72: 2.827 | P72: 0.9178 | Q72: 1.3109 | R72: 1.7356 | S72: 90.1628 | T72: =T71+S72 -> 589.1052
A73: 44805 | B73: 64.9 | C73: 8 | D73: =SUM(F73:O73) -> 24.5 | E73: =S73-B73-C73-D73 -> 5.6 | F73: 7.2 | G73: 3.5 | H73: 5.4 | I73: 1.3 | J73: 0.9 | K73: 0.4 | L73: 0.9 | M73: 0.7 | N73: 0.3 | O73: 3.9 | P73: 1.2 | Q73: 1.9 | R73: 2.4 | S73: 103 | T73: =T72+S73 -> 692.1052
A74: 44835 | B74: 64.5027 | C74: 8.6075 | D74: =(SUM(F74:O74)) -> 20.9817 | E74: =(S74-B74-C74-D74) -> 4.2299 | F74: 6.7251 | G74: 2.8993 | H74: 3.0209 | I74: 1.0853 | J74: 1.361 | K74: 0.3003 | L74: 0.9508 | M74: 1.0166 | N74: 0.2361 | O74: 3.3863 | P74: 0.5791 | Q74: 2.0821 | R74: 1.5687 | S74: 98.3218 | T74: =T73+S74 -> 790.427
A75: 44866 | B75: 70.1365 | C75: 8.8592 | D75: =(SUM(F75:O75)) -> 27.4994 | E75: =(S75-B75-C75-D75) -> 4.4883 | F75: 10.1086 | G75: 3.3202 | H75: 4.1674 | I75: 1.7417 | J75: 1.5233 | K75: 0.3665 | L75: 0.9491 | M75: 0.8506 | N75: 0.2773 | O75: 4.1947 | P75: 0.8242 | Q75: 1.6348 | R75: 2.0293 | S75: 110.9834 | T75: =T74+S75 -> 901.4104
A76: 44896 | B76: 74.4907 | C76: 10.4019 | D76: =(SUM(F76:O76)) -> 39.5619 | E76: =(S76-B76-C76-D76) -> 3.7794 | F76: 16.6471 | G76: 3.9896 | H76: 5.2386 | I76: 3.5894 | J76: 1.2376 | K76: 0.406 | L76: 1.6033 | M76: 0.7905 | N76: 0.3075 | O76: 5.7523 | P76: 1.0554 | Q76: 0.7155 | R76: 2.0085 | S76: 128.2339 | T76: =T75+S76 -> 1029.6443
A77: 44927 | B77: 34.5586 | C77: 10.2603 | D77: =(SUM(F77:O77)) -> 15.2358 | E77: =(S77-B77-C77-D77) -> 2.8292 | F77: 2.8461 | G77: 2.5608 | H77: 2.7388 | I77: 0.142 | J77: 1.2789 | K77: 0.3982 | L77: 0.9514 | M77: 0.6929 | N77: 0.3175 | O77: 3.3092 | P77: 1.1919 | Q77: 0.1343 | R77: 1.503 | S77: 62.8839 | T77: =S77 -> 62.8839
A78: 44958 | B78: 46.232 | C78: 10.9952 | D78: =(SUM(F78:O78)) -> 17.3631 | E78: =(S78-B78-C78-D78) -> 5.1329 | F78: 4.406 | G78: 3.0422 | H78: 1.7936 | I78: 0.6704 | J78: 1.1172 | K78: 0.4487 | L78: 1.1204 | M78: 0.7887 | N78: 0.3164 | O78: 3.6595 | P78: 1.208 | Q78: 1.9216 | R78: 2.0033 | S78: 79.7232 | T78: =T77+S78 -> 142.6071
A79: 44986 | B79: 58.6184 | C79: 11.6406 | D79: =(SUM(F79:O79)) -> 32.2674 | E79: =(S79-B79-C79-D79) -> 4.9391 | F79: 6.0805 | G79: 4.7384 | H79: 6.6816 | I79: 1.7647 | J79: 1.7069 | K79: 0.5933 | L79: 1.848 | M79: 0.8744 | N79: 1.848 | O79: 6.1316 | P79: 1.5078 | Q79: 1.7695 | R79: 3.0856 | S79: 107.4655 | T79: =T78+S79 -> 250.0726
A80: 45017 | B80: 54.3272 | C80: 11.4153 | D80: =(SUM(F80:O80)) -> 18.9825 | E80: =(S80-B80-C80-D80) -> 4.8618 | F80: 4.1419 | G80: 2.8591 | H80: 3.0579 | I80: 0.8174 | J80: 1.1977 | K80: 0.4072 | L80: 1.2006 | M80: 0.8892 | N80: 0.3869 | O80: 4.0246 | P80: 1.0025 | Q80: 1.5472 | R80: 2.3121 | S80: 89.5868 | T80: =T79+S80 -> 339.6594
A81: 45047 | B81: 59.6737 | C81: 12.118 | D81: =(SUM(F81:O81)) -> 24.0455 | E81: =(S81-B81-C81-D81) -> 5.3223 | F81: 5.6519 | G81: 3.6319 | H81: 3.483 | I81: 1.1856 | J81: 1.367 | K81: 0.5866 | L81: 1.5245 | M81: 1.0187 | N81: 0.4882 | O81: 5.1081 | P81: 0.9973 | Q81: 1.4281 | R81: 2.8672 | S81: 101.1595 | T81: =T80+S81 -> 440.8189
A82: 45078 | B82: 66.5816 | C82: 13.1794 | D82: =(SUM(F82:O82)) -> 29.5089 | E82: =(S82-B82-C82-D82) -> 6.9504 | F82: 6.8779 | G82: 5.217 | H82: 4.6612 | I82: 1.4153 | J82: 1.4456 | K82: 0.6025 | L82: 1.8828 | M82: 1.1618 | N82: 0.4668 | O82: 5.778 | P82: 1.2574 | Q82: 1.4696 | R82: 4.2234 | S82: 116.2203 | T82: =T81+S82 -> 557.0392
A83: 45108 | B83: 64.7307 | C83: 13.1477 | D83: =(SUM(F83:O83)) -> 21.2612 | E83: =(S83-B83-C83-D83) -> 5.4497 | F83: 6.2864 | G83: 3.0921 | H83: 3.6197 | I83: 0.6761 | J83: 1.0112 | K83: 0.5304 | L83: 0.5774 | M83: 0.8688 | N83: 0.3332 | O83: 4.2659 | P83: 1.0815 | Q83: 1.404 | R83: 2.9642 | S83: 104.5893 | T83: =T82+S83 -> 661.6285
A84: 45139 | B84: 79.7802 | C84: 13.5267 | D84: =(SUM(F84:O84)) -> 25.3979 | E84: =(S84-B84-C84-D84) -> 5.5087 | F84: 10.1159 | G84: 3.0613 | H84: 2.4966 | I84: 0.997 | J84: 0.8328 | K84: 0.5526 | L84: 1.2532 | M84: 0.7348 | N84: 0.4545 | O84: 4.8992 | P84: 0.867 | Q84: 1.0098 | R84: 3.6319 | S84: 124.2135 | T84: =T83+S84 -> 785.842
A85: 45170 | B85: 82.7926 | C85: 13.5113 | D85: =(SUM(F85:O85)) -> 26.9852 | E85: =(S85-B85-C85-D85) -> 7.2166 | F85: 4.7018 | G85: 4.7893 | H85: 6.6575 | I85: 0.9616 | J85: 1.1589 | K85: 0.55 | L85: 1.3952 | M85: 0.8301 | N85: 0.4392 | O85: 5.5016 | P85: 1.3707 | Q85: 1.0252 | R85: 4.8207 | S85: 130.5057 | T85: =T84+S85 -> 916.3477
A86: 45200 | B86: 87.9222 | C86: 11.8254 | D86: =(SUM(F86:O86)) -> 23.6248 | E86: =(S86-B86-C86-D86) -> 6.5304 | F86: 5.3576 | G86: 4.2426 | H86: 3.9447 | I86: 0.8149 | J86: 1.2019 | K86: 0.5244 | L86: 1.1686 | M86: 0.9746 | N86: 0.3745 | O86: 5.021 | P86: 1.0863 | Q86: 1.3394 | R86: 4.1047 | S86: 129.9028 | T86: =T85+S86 -> 1046.2505
A87: 45231 | B87: 95.6608 | C87: 12.0182 | D87: =(SUM(F87:O87)) -> 26.3538 | E87: =(S87-B87-C87-D87) -> 7.1124 | F87: 6.2895 | G87: 4.7418 | H87: 4.1839 | I87: 0.938 | J87: 1.4014 | K87: 0.6945 | L87: 1.2738 | M87: 1.0966 | N87: 0.3744 | O87: 5.3599 | P87: 1.1089 | Q87: 1.1756 | R87: 4.8279 | S87: 141.1452 | T87: =T86+S87 -> 1187.3957
A88: 45261 | B88: 110.3734 | C88: 14.5417 | D88: =(SUM(F88:O88)) -> 29.3681 | E88: =(S88-B88-C88-D88) -> 7.2118 | F88: 7.2433 | G88: 5.681 | H88: 4.2966 | I88: 2.182 | J88: 1.1575 | K88: 0.6866 | L88: 1.3184 | M88: 1.032 | N88: 0.3255 | O88: 5.4452 | P88: 1.0332 | Q88: 1.0679 | R88: 5.1107 | S88: 161.495 | T88: =T87+S88 -> 1348.8907
A89: 45293 | B89: 68.2087 | C89: 11.6026 | D89: =(SUM(F89:R89)) -> 23.8033 | E89: =(S89-B89-C89-D89) -> 0 | F89: 3.6812 | G89: 3.1741 | H89: 3.405 | I89: 0.4811 | J89: 0.7444 | K89: 0.4882 | L89: 1.3488 | M89: 0.8068 | N89: 0.2956 | O89: 4.1151 | P89: 1.0772 | Q89: 0.2109 | R89: 3.9749 | S89: 103.6146 | T89: =S89 -> 103.6146
A90: 45325 | B90: 44.7511 | C90: 12.5283 | D90: =(SUM(F90:R90)) -> 24.4919 | E90: =(S90-B90-C90-D90) -> 0 | F90: 4.1957 | G90: 3.9314 | H90: 2.1995 | I90: 0.6793 | J90: 1.0109 | K90: 0.5739 | L90: 1.2645 | M90: 0.8667 | N90: 0.2606 | O90: 4.2513 | P90: 1.2461 | Q90: 0.3966 | R90: 3.6154 | S90: 81.7713 | T90: =T89+S90 -> 185.3859
A91: 2018 | B91: =SUM(B17:B28) -> 101.922 | C91: =SUM(C17:C28) -> 35.2925 | D91: =SUM(D17:D28) -> 36.205 | E91: =SUM(E17:E28) -> 10.6349 | F91: =SUM(F17:F28) -> 6.6266 | G91: =SUM(G17:G28) -> 5.2957 | H91: =SUM(H17:H28) -> 5.3906 | I91: =SUM(I17:I28) -> 7.27 | ... S91: =SUM(S17:S28) -> 184.0544
A92: 2019 | B92: =SUM(B29:B40) -> 106.2145 | C92: =SUM(C29:C40) -> 32.1601 | D92: =SUM(D29:D40) -> 53.8668 | E92: =SUM(E29:E40) -> 10.1263 | F92: =SUM(F29:F40) -> 10.6823 | G92: =SUM(G29:G40) -> 6.8383 | H92: =SUM(H29:H40) -> 6.9264 | I92: =SUM(I29:I40) -> 7.9521 | ... S92: =SUM(S29:S40) -> 202.3677
A93: 2020 | B93: =SUM(B41:B52) -> 117.3456 | C93: =SUM(C41:C52) -> 32.4292 | D93: =SUM(D41:D52) -> 126.8164 | E93: =SUM(E41:E52) -> 10.5224 | F93: =SUM(F41:F52) -> 40.4545 | G93: =SUM(G41:G52) -> 19.0588 | H93: =SUM(H41:H52) -> 17.1988 | I93: =SUM(I41:I52) -> 10.5131 | ... S93: =SUM(S41:S52) -> 287.1136
A94: 2021 | B94: =SUM(B53:B64) -> 327.0528 | C94: =SUM(C53:C64) -> 65.4487 | D94: =SUM(D53:D64) -> 215.8749 | E94: =SUM(E53:E64) -> 21.261 | F94: =SUM(F53:F64) -> 66.2216 | G94: =SUM(G53:G64) -> 30.4543 | H94: =SUM(H53:H64) -> 31.4447 | I94: =SUM(I53:I64) -> 14.9279 | ... S94: =SUM(S53:S64) -> 629.6374
A95: 2022 | B95: =SUM(B65:B76) -> 636.389 | C95: =SUM(C65:C76) -> 100.112 | D95: =SUM(D65:D76) -> 251.3586 | E95: =SUM(E65:E76) -> 41.7847 | F95: =SUM(F65:F76) -> 81.0282 | G95: =SUM(G65:G76) -> 33.4608 | H95: =SUM(H65:H76) -> 39.6899 | I95: =SUM(I65:I76) -> 15.4354 | ... S95: =SUM(S65:S76) -> 1029.6443
A96: 2023 | B96: =SUM(B77:B88) -> 841.2514 | C96: =SUM(C77:C88) -> 148.1798 | D96: =SUM(D77:D88) -> 290.3942 | E96: =SUM(E77:E88) -> 69.0653 | F96: =SUM(F77:F88) -> 69.9988 | G96: =SUM(G77:G88) -> 47.6575 | H96: =SUM(H77:H88) -> 47.6151 | I96: =SUM(I77:I88) -> 12.565 | ... S96: =SUM(S77:S88) -> 1348.8907
A97: 2024年1-2月 | B97: =SUM(B89:B90) -> 112.9598 | C97: =SUM(C89:C90) -> 24.1309 | D97: =SUM(D89:D90) -> 48.2952 | E97: =SUM(E89:E90) -> 0 | F97: =SUM(F89:F90) -> 7.8769 | G97: =SUM(G89:G90) -> 7.1055 | H97: =SUM(H89:H90) -> 5.6045 | I97: =SUM(I89:I90) -> 1.1604 | ... S97: =SUM(S89:S90) -> 185.3859
A98: 2月同比 | B98: =B90/B78-1 -> -0.032031926 | C98: =C90/C78-1 -> 0.13943357 | D98: =D90/D78-1 -> 0.41057184 | E98: =E90/E78-1 -> -1 | F98: =F90/F78-1 -> -0.047730368 | G98: =G90/G78-1 -> 0.29228848 | H98: =H90/H78-1 -> 0.22630464 | I98: =I90/I78-1 -> 0.013275656 | ... S98: =S90/S78-1 -> 0.025690138
A99: 2月环比 | B99: =B90/B89-1 -> -0.34390921 | C99: =C90/C89-1 -> 0.079783842 | D99: =D90/D89-1 -> 0.028928762 | E99: =E90/E89-1 -> #DIV/0! | F99: =F90/F89-1 -> 0.13976421 | G99: =G90/G89-1 -> 0.23858732 | H99: =H90/H89-1 -> -0.35403818 | I99: =I90/I89-1 -> 0.41197256 | ... S99: =S90/S89-1 -> -0.21081295
A100: 2月累计同比 | B100: =B97/SUM(B77:B78)-1 -> 0.39817999 | C100: =C97/SUM(C77:C78)-1 -> 0.13527793 | D100: =D97/SUM(D77:D78)-1 -> 0.48149784 | E100: =E97/SUM(E77:E78)-1 -> -1 | F100: =F97/SUM(F77:F78)-1 -> 0.086154355 | G100: =G97/SUM(G77:G78)-1 -> 0.26815991 | H100: =H97/SUM(H77:H78)-1 -> 0.23654135 | I100: =I97/SUM(I77:I78)-1 -> 0.42836041 | ... S100: =S97/SUM(S77:S78)-1 -> 0.29997665
A101: 数据来源：高工锂电

Sheet 全球新能源车分车型销量
A5: 全球新能源乘用车销量(辆)
A6: 车型 | B6: 43101 | C6: 43132 | D6: 43160 | E6: 43191 | F6: 43221 | G6: 43252 | H6: 43282 | I6: 43313 | J6: 43344 | K6: 43374 | L6: 43405 | M6: 43435 | N6: 43466 | O6: 43497 | P6: 43525 | Q6: 43556 | R6: 43586 | S6: 43617 | T6: 43647 | U6: 43678 | V6: 43709 | W6: 43739 | X6: 43770 | Y6: 43800 | Z6: 43831 | AA6: 43862 | AB6: 43891 | AC6: 43922 | AD6: 43952 | AE6: 43983 | AF6: 44013 | AG6: 44044 | AH6: 44075 | AI6: 44105 | AJ6: 44136 | AK6: 44166 | AL6: 44197 | AM6: 44228 | AN6: 44256 | AO6: 44287 | AP6: 44317 | AQ6: 44348 | AR6: 44378 | AS6: 44409 | AT6: 44440 | AU6: 44470 | AV6: 44501 | AW6: 44531 | AX6: 44562 | AY6: 44593 | AZ6: 44621 | BA6: 44652 | BB6: 44682 | BC6: 44713 | BD6: 44743 | BE6: 44774 | BF6: 44805 | BG6: 44835 | BH6: 44866 | BI6: 44896 | BJ6: 44927 | BK6: 44958 | BL6: 44986 | BM6: 45017 | BN6: 45047 | BO6: 45078 | BP6: 45108 | BQ6: 45139 | BR6: 45170 | BS6: 45200 | BT6: 45231 | BU6: 45262 | BV6: 45293 | BW6: 45324 | BX6: 同比 | BY6: 环比 | BZ6: 2018 | CA6: 2019 | CB6: 2020 | CC6: 2021 | CD6: 2022 | CE6: 2023 | CF6: 2024
A7: Model Y | AB7: 1009 | AC7: 203 | AD7: 303 | AE7: 1506 | AF7: 6540 | AG7: 9050 | AH7: 11467 | AI7: 11082 | AJ7: 12961 | AK7: 16404 | AL7: 17062 | AM7: 14956 | AN7: 25027 | AO7: 12766 | AP7: 28256 | AQ7: 24956 | AR7: 25534 | AS7: 35017 | AT7: 66074 | AU7: 46746 | AV7: 58455 | AW7: 77610 | AX7: 55056 | AY7: 60748 | AZ7: 84697 | BA7: 28631 | BB7: 45062 | BC7: 90178 | BD7: 38862 | BE7: 91436 | BF7: 106969 | BG7: 67344 | BH7: 112048 | BI7: 90056 | BJ7: 52753 | BK7: 80152 | BL7: 140654 | BM7: 74295 | BN7: 91973 | BO7: 130187 | BP7: 75454 | BQ7: 127078 | BR7: 125293 | BS7: 93239 | BT7: 114311 | BU7: 127685 | BV7: 58455 | BW7: 77610 | BX7: =IF(ISERROR(BW7/BK7-1),"",BW7/BK7-1) -> -0.031714742 | BY7: =IF(ISERROR(BW7/BV7-1),"",BW7/BV7-1) -> 0.32768797 | BZ7: =SUM(B7:M7) -> 0 | CA7: =SUM(N7:Y7) -> 0 | CB7: =SUM(Z7:AK7) -> 70525 | CC7: =SUM(AL7:AW7) -> 432459 | CD7: =SUM(AX7:BI7) -> 871087 | CE7: =SUM(BJ7:BU7) -> 1233074 | CF7: =SUM(BV7:BW7) -> 136065
A8: 五菱宏光mini EV | AF8: 7348 | AG8: 15000 | AH8: 20150 | AI8: 23762 | AJ8: 28246 | AK8: 32097 | AL8: 36762 | AM8: 20167 | AN8: 39745 | AO8: 29251 | AP8: 26742 | AQ8: 30100 | AR8: 26907 | AS8: 41188 | AT8: 35176 | AU8: 39128 | AV8: 45576 | AW8: 55742 | AX8: 37048 | AY8: 22110 | AZ8: 47563 | BA8: 27181 | BB8: 34037 | BC8: 46249 | BD8: 56605 | BE8: 49119 | BF8: 44711 | BG8: 47868 | BH8: 68567 | BI8: 73009 | BJ8: 16416 | BK8: 30267 | BL8: 23159 | BM8: 18086 | BN8: 20346 | BO8: 13763 | BP8: 15499 | BQ8: 2068 | BR8: 287 | BS8: 8367 | BT8: 24027 | BU8: 50561 | BV8: 45576 | BW8: 55742 | BX8: =IF(ISERROR(BW8/BK8-1),"",BW8/BK8-1) -> 0.84167575 | BY8: =IF(ISERROR(BW8/BV8-1),"",BW8/BV8-1) -> 0.22305599 | BZ8: =SUM(B8:M8) -> 0 | CA8: =SUM(N8:Y8) -> 0 | CB8: =SUM(Z8:AK8) -> 126603 | CC8: =SUM(AL8:AW8) -> 426484 | CD8: =SUM(AX8:BI8) -> 554067 | CE8: =SUM(BJ8:BU8) -> 222846 | CF8: =SUM(BV8:BW8) -> 101318
A9: Model 3 | B9: 1900 | C9: 2600 | D9: 3680 | E9: 3800 | F9: 6311 | G9: 5550 | H9: 15540 | I9: 17500 | J9: 24000 | K9: 18600 | L9: 19800 | M9: 25004 | N9: 17261 | O9: 17995 | P9: 26700 | Q9: 12753 | R9: 12063 | S9: 22877 | T9: 15260 | U9: 16551 | V9: 31104 | W9: 15718 | X9: 21944 | Y9: 42156 | Z9: 22516 | AA9: 24589 | AB9: 36580 | AC9: 11467 | AD9: 20462 | AE9: 30876 | AF9: 20709 | AG9: 28699 | AH9: 35892 | AI9: 23083 | AJ9: 36054 | AK9: 58535 | AL9: 25248 | AM9: 24794 | AN9: 58716 | AO9: 32267 | AP9: 41477 | AQ9: 61046 | AR9: 35600 | AS9: 45661 | AT9: 57123 | AU9: 43574 | AV9: 50900 | AW9: 74591 | AX9: 43453 | AY9: 51351 | AZ9: 75178 | BA9: 22039 | BB9: 33296 | BC9: 54010 | BD9: 32782 | BE9: 41558 | BF9: 68089 | BG9: 53505 | BH9: 67913 | BI9: 62686 | BJ9: 37909 | BK9: 39404 | BL9: 59834 | BM9: 37968 | BN9: 40361 | BO9: 61864 | BP9: 35395 | BQ9: 53081 | BR9: 47822 | BS9: 52903 | BT9: 62566 | BU9: 68600 | BV9: 50900 | BW9: 74591 | BX9: =IF(ISERROR(BW9/BK9-1),"",BW9/BK9-1) -> 0.89298041 | BY9: =IF(ISERROR(BW9/BV9-1),"",BW9/BV9-1) -> 0.46544204 | BZ9: =SUM(B9:M9) -> 144285 | CA9: =SUM(N9:Y9) -> 252382 | CB9: =SUM(Z9:AK9) -> 349462 | CC9: =SUM(AL9:AW9) -> 550997 | CD9: =SUM(AX9:BI9) -> 605860 | CE9: =SUM(BJ9:BU9) -> 597707 | CF9: =SUM(BV9:BW9) -> 125491
A10: 海豚 | AS10: 1755 | AT10: 3000 | AU10: 6018 | AV10: 8809 | AW10: 10016 | AX10: 10602 | AY10: 8565 | AZ10: 10501 | BA10: 12040 | BB10: 6430 | BC10: 10376 | BD10: 21005 | BE10: 23469 | BF10: 24956 | BG10: 25336 | BH10: 26063 | BI10: 26074 | BJ10: 17629 | BK10: 22861 | BL10: 30077 | BM10: 30462 | BN10: 30679 | BO10: 31140 | BP10: 31950 | BQ10: 32745 | BR10: 32927 | BS10: 35189 | BT10: 35246 | BU10: 36514 | BV10: 8809 | BW10: 10016 | BX10: =IF(ISERROR(BW10/BK10-1),"",BW10/BK10-1) -> -0.56187393 | BY10: =IF(ISERROR(BW10/BV10-1),"",BW10/BV10-1) -> 0.13701896 | BZ10: =SUM(B10:M10) -> 0 | CA10: =SUM(N10:Y10) -> 0 | CB10: =SUM(Z10:AK10) -> 0 | CC10: =SUM(AL10:AW10) -> 29598 | CD10: =SUM(AX10:BI10) -> 205417 | CE10: =SUM(BJ10:BU10) -> 367419 | CF10: =SUM(BV10:BW10) -> 18825
A11: 比亚迪元PLUS EV | AX11: 2000 | AY11: 4517 | AZ11: 10025 | BA11: 10100 | BB11: 11500 | BC11: 16704 | BD11: 19719 | BE11: 18006 | BF11: 23069 | BG11: 27611 | BH11: 30509 | BI11: 32629 | BJ11: 24777 | BK11: 36782 | BL11: 44250 | BM11: 42393 | BN11: 35521 | BO11: 35668 | BP11: 34402 | BQ11: 36425 | BR11: 37013 | BS11: 44515 | BT11: 45223 | BU11: 45587 | BV11: 0 | BW11: 0 | BX11: =IF(ISERROR(BW11/BK11-1),"",BW11/BK11-1) -> -1 | BY11: =IF(ISERROR(BW11/BV11-1),"",BW11/BV11-1) | BZ11: =SUM(B11:M11) -> 0 | CA11: =SUM(N11:Y11) -> 0 | CB11: =SUM(Z11:AK11) -> 0 | CC11: =SUM(AL11:AW11) -> 0 | CD11: =SUM(AX11:BI11) -> 206389 | CE11: =SUM(BJ11:BU11) -> 462556 | CF11: =SUM(BV11:BW11) -> 0
A12: 比亚迪汉 | AF12: 1205 | AG12: 2400 | AH12: 3624 | AI12: 5055 | AJ12: 7482 | AK12: 9007 | AL12: 9298 | AM12: 4100 | AN12: 7956 | AO12: 5747 | AP12: 5763 | AQ12: 5815 | AR12: 5907 | AS12: 6198 | AT12: 7796 | AU12: 8287 | AV12: 10021 | AW12: 10301 | AX12: 10051 | AY12: 8942 | AZ12: 10178 | BA12: 10225 | BB12: 12684 | BC12: 12945 | BD12: 13106 | BE12: 13191 | BF12: 13230 | BG12: 13293 | BH12: 13429 | BI12: 13743 | BJ12: 5615 | BK12: 5751 | BL12: 6802 | BM12: 7809 | BN12: 10290 | BO12: 11108 | BP12: 11752 | BQ12: 10443 | BR12: 10467 | BS12: 9344 | BT12: 9467 | BU12: 8648 | BV12: 10021 | BW12: 10301 | BX12: =IF(ISERROR(BW12/BK12-1),"",BW12/BK12-1) -> 0.79116675 | BY12: =IF(ISERROR(BW12/BV12-1),"",BW12/BV12-1) -> 0.027941323 | BZ12: =SUM(B12:M12) -> 0 | CA12: =SUM(N12:Y12) -> 0 | CB12: =SUM(Z12:AK12) -> 28773 | CC12: =SUM(AL12:AW12) -> 87189 | CD12: =SUM(AX12:BI12) -> 145017 | CE12: =SUM(BJ12:BU12) -> 107496 | CF12: =SUM(BV12:BW12) -> 20322
A13: AionS | R13: 668 | S13: 2016 | T13: 3406 | U13: 3815 | V13: 4006 | W13: 4217 | X13: 5538 | Y13: 8460 | Z13: 2648 | AA13: 1433 | AB13: 2957 | AC13: 3586 | AD13: 3892 | AE13: 3695 | AF13: 3685 | AG13: 4071 | AH13: 4548 | AI13: 4630 | AJ13: 5084 | AK13: 5397 | AL13: 6092 | AM13: 2724 | AN13: 5738 | AO13: 5077 | AP13: 4905 | AQ13: Model Y | AR13: 5072 | AS13: 5238 | AT13: 7679 | AU13: 7819 | AV13: 7465 | AW13: 6409 | AX13: 7049 | AY13: 3380 | AZ13: 6798 | BA13: 3291 | BB13: 10503 | BC13: 8903 | BD13: 6864 | BE13: 11695 | BF13: 13522 | BG13: 14507 | BH13: 15323 | BI13: 13844 | BJ13: 4091 | BK13: 16827 | BL13: 26392 | BM13: 19569 | BN13: 25233 | BO13: 22487 | BP13: 22437 | BQ13: 22896 | BR13: 21546 | BS13: 11730 | BT13: 12195 | BU13: 15824 | BV13: 7465 | BW13: 6409 | BX13: =IF(ISERROR(BW13/BK13-1),"",BW13/BK13-1) -> -0.61912403 | BY13: =IF(ISERROR(BW13/BV13-1),"",BW13/BV13-1) -> -0.14146015 | BZ13: =SUM(B13:M13) -> 0 | CA13: =SUM(N13:Y13) -> 32126 | CB13: =SUM(Z13:AK13) -> 45626 | CC13: =SUM(AL13:AW13) -> 64218 | CD13: =SUM(AX13:BI13) -> 115679 | CE13: =SUM(BJ13:BU13) -> 221227 | CF13: =SUM(BV13:BW13) -> 13874
A14: 秦PLUS EV | AO14: 1561 | AP14: 3263 | AQ14: 4272 | AR14: 5523 | AS14: 7633 | AT14: 8396 | AU14: 8405 | AV14: 10097 | AW14: 7001 | AX14: 7086 | AY14: 8264 | AZ14: 8682 | BA14: 7827 | BB14: 6848 | BC14: 11269 | BD14: 11276 | BE14: 11447 | BF14: 11606 | BG14: 12189 | BH14: 12870 | BI14: 10569 | BJ14: 6503 | BK14: 8434 | BL14: 8679 | BM14: 8718 | BN14: 10816 | BO14: 11420 | BP14: 11455 | BQ14: 11654 | BR14: 11837 | BS14: 11876 | BT14: 11900 | BU14: 15200 | BV14: 10097 | BW14: 7001 | BX14: =IF(ISERROR(BW14/BK14-1),"",BW14/BK14-1) -> -0.16990752 | BY14: =IF(ISERROR(BW14/BV14-1),"",BW14/BV14-1) -> -0.30662573 | BZ14: =SUM(B14:M14) -> 0 | CA14: =SUM(N14:Y14) -> 0 | CB14: =SUM(Z14:AK14) -> 0 | CC14: =SUM(AL14:AW14) -> 56151 | CD14: =SUM(AX14:BI14) -> 119933 | CE14: =SUM(BJ14:BU14) -> 128492 | CF14: =SUM(BV14:BW14) -> 17098
A15: Aion Y | AO15: 2000 | AP15: 2203 | AQ15: 2233 | AR15: 3109 | AS15: 4124 | AT15: 5003 | AU15: 3384 | AV15: 6032 | AW15: 6020 | AX15: 6413 | AY15: 2986 | AZ15: 9501 | BA15: 5261 | BB15: 8289 | BC15: 11801 | BD15: 12530 | BE15: 11012 | BF15: 13408 | BG15: 12615 | BH15: 11560 | BI15: 14311 | BJ15: 4792 | BK15: 12996 | BL15: 13267 | BM15: 21065 | BN15: 19306 | BO15: 20583 | BP15: 17861 | BQ15: 18227 | BR15: 27496 | BS15: 27304 | BT15: 22640 | BU15: 24018 | BV15: 6032 | BW15: 6020 | BX15: =IF(ISERROR(BW15/BK15-1),"",BW15/BK15-1) -> -0.53678055 | BY15: =IF(ISERROR(BW15/BV15-1),"",BW15/BV15-1) -> -0.0019893899 | BZ15: =SUM(B15:M15) -> 0 | CA15: =SUM(N15:Y15) -> 0 | CB15: =SUM(Z15:AK15) -> 0 | CC15: =SUM(AL15:AW15) -> 34108 | CD15: =SUM(AX15:BI15) -> 119687 | CE15: =SUM(BJ15:BU15) -> 229555 | CF15: =SUM(BV15:BW15) -> 12052
A16: 长安Lumin | BD16: 7412 | BE16: 10783 | BF16: 11267 | BG16: 13235 | BH16: 13235 | BI16: 12468 | BJ16: 4711 | BK16: 9105 | BL16: 10217 | BM16: 7643 | BN16: 8491 | BO16: 10714 | BP16: 14103 | BQ16: 11788 | BR16: 14484 | BS16: 14417 | BT16: 14943 | BU16: 13537 | BV16: 0 | BW16: 0 | BX16: =IF(ISERROR(BW16/BK16-1),"",BW16/BK16-1) -> -1 | BY16: =IF(ISERROR(BW16/BV16-1),"",BW16/BV16-1) | BZ16: =SUM(B16:M16) -> 0 | CA16: =SUM(N16:Y16) -> 0 | CB16: =SUM(Z16:AK16) -> 0 | CC16: =SUM(AL16:AW16) -> 0 | CD16: =SUM(AX16:BI16) -> 68400 | CE16: =SUM(BJ16:BU16) -> 134153 | CF16: =SUM(BV16:BW16) -> 0
A17: 哪吒V | AJ17: 1337 | AK17: 1696 | AL17: 2076 | AM17: 2002 | AN17: 3206 | AO17: 3846 | AP17: 3409 | AQ17: 3533 | AR17: 4469 | AS17: 4611 | AT17: 5009 | AU17: 5178 | AV17: 7027 | AW17: 5280 | AX17: 6482 | AY17: 4073 | AZ17: 8122 | BA17: 5694 | BB17: 7884 | BC17: 9147 | BD17: 8967 | BE17: 10236 | BF17: 11935 | BG17: 11721 | BH17: 11283 | BI17: 3372 | BJ17: 4042 | BK17: 6267 | BL17: 5486 | BM17: 5291 | BN17: 5824 | BO17: 5672 | BP17: 3817 | BQ17: 6860 | BR17: 854 | BS17: 951 | BT17: 1234 | BU17: 1479 | BV17: 7027 | BW17: 5280 | BX17: =IF(ISERROR(BW17/BK17-1),"",BW17/BK17-1) -> -0.15749162 | BY17: =IF(ISERROR(BW17/BV17-1),"",BW17/BV17-1) -> -0.24861249 | BZ17: =SUM(B17:M17) -> 0 | CA17: =SUM(N17:Y17) -> 0 | CB17: =SUM(Z17:AK17) -> 3033 | CC17: =SUM(AL17:AW17) -> 49646 | CD17: =SUM(AX17:BI17) -> 98916 | CE17: =SUM(BJ17:BU17) -> 47777 | CF17: =SUM(BV17:BW17) -> 12307 | OV17: =VLOOKUP(A7,G:TT,27,FALSE) -> #N/A
A18: eQ1电动车 | B18: 1428 | C18: 2753 | D18: 3279 | E18: 3799 | F18: 3055 | G18: 4434 | H18: 3665 | I18: 4613 | J18: 5310 | K18: 5547 | L18: 4352 | M18: 4732 | N18: 3375 | O18: 3157 | P18: 2838 | Q18: 4129 | R18: 3818 | S18: 4965 | T18: 2405 | U18: 2345 | V18: 2584 | W18: 2414 | X18: 1861 | Y18: 5510 | Z18: 751 | AA18: 470 | AB18: 1073 | AC18: 2299 | AD18: 2563 | AE18: 2632 | AF18: 3056 | AG18: 3307 | AH18: 3823 | AI18: 4745 | AJ18: 6805 | AK18: 7074 | AL18: 6316 | AM18: 1591 | AN18: 5310 | AO18: 5617 | AP18: 5632 | AQ18: 6317 | AR18: 5565 | AS18: 5975 | AT18: 7815 | AU18: 7433 | AV18: 9291 | AW18: 10141 | AX18: 9412 | AY18: 3735 | AZ18: 8240 | BA18: 6086 | BB18: 9754 | BC18: 9692 | BD18: 11489 | BE18: 10037 | BF18: 9292 | BG18: 9940 | BH18: 4020 | BI18: 3972 | BJ18: 1035 | BK18: 2128 | BL18: 1872 | BM18: 2439 | BN18: 1429 | BO18: 1541 | BP18: 2110 | BQ18: 2324 | BR18: 2746 | BS18: 2426 | BT18: 3277 | BU18: 3523 | BV18: 9291 | BW18: 10141 | BX18: =IF(ISERROR(BW18/BK18-1),"",BW18/BK18-1) -> 3.7655075 | BY18: =IF(ISERROR(BW18/BV18-1),"",BW18/BV18-1) -> 0.091486385 | BZ18: =SUM(B18:M18) -> 46967 | CA18: =SUM(N18:Y18) -> 39401 | CB18: =SUM(Z18:AK18) -> 38598 | CC18: =SUM(AL18:AW18) -> 77003 | CD18: =SUM(AX18:BI18) -> 95669 | CE18: =SUM(BJ18:BU18) -> 26850 | CF18: =SUM(BV18:BW18) -> 19432 | OV18: =VLOOKUP(A7,G:TT,27) -> #N/A
A19: 欧拉好猫 | AK19: 2016 | AL19: 2081 | AM19: 1534 | AN19: 2116 | AO19: 1264 | AP19: 1277 | AQ19: 3405 | AR19: 2779 | AS19: 4005 | AT19: 5085 | AU19: 7845 | AV19: 8855 | AW19: 10685 | AX19: 9054 | AY19: 4209 | AZ19: 6700 | BA19: 1704 | BB19: 4265 | BC19: 8728 | BD19: 7525 | BE19: 8621 | BF19: 7690 | BG19: 5504 | BH19: 4132 | BI19: 4229 | BJ19: 1665 | BK19: 2733 | BL19: 4554 | BM19: 7335 | BN19: 8154 | BO19: 9011 | BP19: 8807 | BQ19: 12378 | BR19: 10574 | BS19: 10481 | BT19: 10540 | BU19: 10740 | BV19: 8855 | BW19: 10685 | BX19: =IF(ISERROR(BW19/BK19-1),"",BW19/BK19-1) -> 2.9096231 | BY19: =IF(ISERROR(BW19/BV19-1),"",BW19/BV19-1) -> 0.2066629 | BZ19: =SUM(B19:M19) -> 0 | CA19: =SUM(N19:Y19) -> 0 | CB19: =SUM(Z19:AK19) -> 2016 | CC19: =SUM(AL19:AW19) -> 50931 | CD19: =SUM(AX19:BI19) -> 72361 | CE19: =SUM(BJ19:BU19) -> 96972 | CF19: =SUM(BV19:BW19) -> 19540
A20: QQ冰淇淋 | AV20: 4289 | AW20: 8390 | AX20: 9984 | AY20: 6442 | AZ20: 11687 | BA20: 7078 | BB20: 9243 | BC20: 9663 | BD20: 9391 | BE20: 8616 | BF20: 8650 | BG20: 7145 | BH20: 4048 | BI20: 4592 | BJ20: 2736 | BK20: 3134 | BL20: 3951 | BM20: 4253 | BN20: 5358 | BO20: 6041 | BP20: 5716 | BQ20: 5845 | BR20: 7294 | BS20: 7318 | BT20: 9219 | BU20: 7462 | BV20: 4289 | BW20: 8390 | BX20: =IF(ISERROR(BW20/BK20-1),"",BW20/BK20-1) -> 1.67709 | BY20: =IF(ISERROR(BW20/BV20-1),"",BW20/BV20-1) -> 0.95616694 | BZ20: =SUM(B20:M20) -> 0 | CA20: =SUM(N20:Y20) -> 0 | CB20: =SUM(Z20:AK20) -> 0 | CC20: =SUM(AL20:AW20) -> 12679 | CD20: =SUM(AX20:BI20) -> 96539 | CE20: =SUM(BJ20:BU20) -> 68327 | CF20: =SUM(BV20:BW20) -> 12679
A21: ID.4 CROZZ | AM21: 180 | AN21: 365 | AO21: 722 | AP21: 502 | AQ21: 2191 | AR21: 1216 | AS21: 2993 | AT21: 3858 | AU21: 3235 | AV21: 5187 | AW21: 6404 | AX21: 2206 | AY21: 2374 | AZ21: 3177 | BA21: 2610 | BB21: 3460 | BC21: 6140 | BD21: 6270 | BE21: 8178 | BF21: 3570 | BG21: 3557 | BH21: 3038 | BI21: 4168 | BJ21: 532 | BK21: 1641 | BL21: 2260 | BM21: 1639 | BN21: 3937 | BO21: 3792 | BP21: 3190 | BQ21: 2588 | BR21: 4173 | BS21: 4270 | BT21: 4070 | BU21: 5408 | BV21: 5187 | BW21: 6404 | BX21: =IF(ISERROR(BW21/BK21-1),"",BW21/BK21-1) -> 2.9024985 | BY21: =IF(ISERROR(BW21/BV21-1),"",BW21/BV21-1) -> 0.23462502 | BZ21: =SUM(B21:M21) -> 0 | CA21: =SUM(N21:Y21) -> 0 | CB21: =SUM(Z21:AK21) -> 0 | CC21: =SUM(AL21:AW21) -> 26853 | CD21: =SUM(AX21:BI21) -> 48748 | CE21: =SUM(BJ21:BU21) -> 37500 | CF21: =SUM(BV21:BW21) -> 11591
A22: 大众ID.4 | AI22: 72 | AJ22: 22 | AK22: 4714 | AL22: 401 | AM22: 426 | AN22: 5438 | AO22: 8543 | AP22: 7100 | AQ22: 8929 | AR22: 6777 | AS22: 6579 | AT22: 5969 | AU22: 7049 | AV22: 5968 | AW22: 8555 | AX22: 4302 | AY22: 4166 | AZ22: 5816 | BA22: 3716 | BB22: 3357 | BC22: 5310 | BD22: 7707 | BE22: 7453 | BF22: 9150 | BG22: 9284 | BH22: 9876 | BI22: 18027 | BJ22: 6905 | BK22: 7958 | BL22: 10514 | BM22: 7504 | BN22: 10585 | BO22: 12611 | BP22: 11389 | BQ22: 11879 | BR22: 10496 | BS22: 9430 | BT22: 9828 | BU22: 12134 | BV22: 5968 | BW22: 8555 | BX22: =IF(ISERROR(BW22/BK22-1),"",BW22/BK22-1) -> 0.075018849 | BY22: =IF(ISERROR(BW22/BV22-1),"",BW22/BV22-1) -> 0.43347855 | BZ22: =SUM(B22:M22) -> 0 | CA22: =SUM(N22:Y22) -> 0 | CB22: =SUM(Z22:AK22) -> 4808 | CC22: =SUM(AL22:AW22) -> 71734 | CD22: =SUM(AX22:BI22) -> 88164 | CE22: =SUM(BJ22:BU22) -> 121233 | CF22: =SUM(BV22:BW22) -> 14523
A23: 风神E70 | B23: 561 | C23: 29 | D23: 507 | E23: 1102 | F23: 624 | G23: 340 | H23: 400 | I23: 263 | J23: 674 | K23: 855 | L23: 1395 | M23: 1937 | N23: 1282 | O23: 603 | P23: 1444 | Q23: 525 | R23: 1243 | S23: 3524 | T23: 148 | U23: 373 | V23: 331 | W23: 1121 | X23: 2552 | Y23: 1826 | Z23: 155 | AA23: 2 | AB23: 35 | AC23: 59 | AD23: 395 | AE23: 402 | AF23: 506 | AG23: 23 | AH23: 200 | AI23: 1331 | AJ23: 909 | AK23: 695 | AL23: 26 | AN23: 855 | AO23: 1035 | AP23: 2067 | AQ23: 3500 | AR23: 3120 | AS23: 2416 | AT23: 4771 | AU23: 4322 | AV23: 4690 | AW23: 3609 | AX23: 3053 | AY23: 2641 | AZ23: 4345 | BA23: 4306 | BB23: 4666 | BC23: 8193 | BD23: 7556 | BE23: 7410 | BF23: 8692 | BG23: 10032 | BH23: 6210 | BI23: 7368 | BJ23: 1323 | BK23: 956 | BL23: 639 | BM23: 3191 | BN23: 3089 | BO23: 3054 | BP23: 2923 | BQ23: 4279 | BR23: 3304 | BS23: 3140 | BT23: 3865 | BU23: 2223 | BV23: 4690 | BW23: 3609 | BX23: =IF(ISERROR(BW23/BK23-1),"",BW23/BK23-1) -> 2.7751046 | BY23: =IF(ISERROR(BW23/BV23-1),"",BW23/BV23-1) -> -0.23049041 | BZ23: =SUM(B23:M23) -> 8687 | CA23: =SUM(N23:Y23) -> 14972 | CB23: =SUM(Z23:AK23) -> 4712 | CC23: =SUM(AL23:AW23) -> 30411 | CD23: =SUM(AX23:BI23) -> 74472 | CE23: =SUM(BJ23:BU23) -> 31986 | CF23: =SUM(BV23:BW23) -> 8299
A24: 极氪001 | AU24: 199 | AV24: 2012 | AW24: 3796 | AX24: 3530 | AY24: 2916 | AZ24: 1795 | BA24: 2137 | BB24: 4330 | BC24: 4302 | BD24: 5022 | BE24: 7166 | BF24: 8276 | BG24: 10119 | BH24: 11011 | BI24: 11337 | BJ24: 3116 | BK24: 4839 | BL24: 4517 | BM24: 6463 | BN24: 6223 | BO24: 6147 | BP24: 6170 | BQ24: 6822 | BR24: 8701 | BS24: 8517 | BT24: 6751 | BU24: 7980 | BV24: 2012 | BW24: 3796 | BX24: =IF(ISERROR(BW24/BK24-1),"",BW24/BK24-1) -> -0.2155404 | BY24: =IF(ISERROR(BW24/BV24-1),"",BW24/BV24-1) -> 0.88667992 | BZ24: =SUM(B24:M24) -> 0 | CA24: =SUM(N24:Y24) -> 0 | CB24: =SUM(Z24:AK24) -> 0 | CC24: =SUM(AL24:AW24) -> 6007 | CD24: =SUM(AX24:BI24) -> 71941 | CE24: =SUM(BJ24:BU24) -> 76246 | CF24: =SUM(BV24:BW24) -> 5808
A25: 名爵EZS | Q25: 653 | R25: 1015 | S25: 248 | T25: 477 | U25: 1874 | V25: 1800 | W25: 2549 | X25: 3687 | Y25: 4718 | Z25: 2271 | AA25: 1029 | AB25: 4013 | AC25: 247 | AD25: 609 | AE25: 2039 | AF25: 3100 | AG25: 3251 | AH25: 5515 | AI25: 5602 | AJ25: 5370 | AK25: 5675 | AL25: 1679 | AM25: 1196 | AN25: 2540 | AO25: 1413 | AP25: 1516 | AQ25: 4028 | AR25: 1693 | AS25: 2991 | AT25: 4394 | AU25: 4023 | AV25: 4426 | AW25: 3997 | AX25: 2778 | AY25: 2997 | AZ25: 3718 | BA25: 2988 | BB25: 3289 | BC25: 6610 | BD25: 5295 | BE25: 6383 | BF25: 6660 | BG25: 7882 | BH25: 9824 | BI25: 11034 | BJ25: 6403 | BK25: 6731 | BL25: 14931 | BM25: 9744 | BN25: 11627 | BO25: 9644 | BP25: 4264 | BQ25: 5148 | BR25: 3946 | BS25: 3216 | BT25: 2966 | BU25: 5436 | BV25: 4426 | BW25: 3997 | BX25: =IF(ISERROR(BW25/BK25-1),"",BW25/BK25-1) -> -0.40618036 | BY25: =IF(ISERROR(BW25/BV25-1),"",BW25/BV25-1) -> -0.096927248 | BZ25: =SUM(B25:M25) -> 0 | CA25: =SUM(N25:Y25) -> 17021 | CB25: =SUM(Z25:AK25) -> 38721 | CC25: =SUM(AL25:AW25) -> 33896 | CD25: =SUM(AX25:BI25) -> 69458 | CE25: =SUM(BJ25:BU25) -> 84056 | CF25: =SUM(BV25:BW25) -> 8423
A26: 宝骏KiWi EV | AY26: 3262 | AZ26: 2707 | BA26: 2221 | BB26: 2967 | BC26: 2594 | BD26: 2276 | BE26: 6330 | BF26: 3116 | BG26: 2539 | BH26: 2374 | BI26: 2422 | BJ26: 482 | BK26: 771 | BL26: 627 | BM26: 380 | BN26: 290 | BO26: 274 | BP26: 333 | BQ26: 14 | BR26: 1225 | BS26: 0 | BT26: 15 | BU26: 0 | BV26: 0 | BW26: 0 | BX26: =IF(ISERROR(BW26/BK26-1),"",BW26/BK26-1) -> -1 | BY26: =IF(ISERROR(BW26/BV26-1),"",BW26/BV26-1) | BZ26: =SUM(B26:M26) -> 0 | CA26: =SUM(N26:Y26) -> 0 | CB26: =SUM(Z26:AK26) -> 0 | CC26: =SUM(AL26:AW26) -> 0 | CD26: =SUM(AX26:BI26) -> 32808 | CE26: =SUM(BJ26:BU26) -> 4411 | CF26: =SUM(BV26:BW26) -> 0
A27: 几何E | BC27: 4033 | BD27: 5171 | BE27: 6320 | BF27: 5714 | BG27: 1496 | BH27: 2271 | BI27: 4357 | BJ27: 1522 | BK27: 1838 | BL27: 1092 | BM27: 2632 | BN27: 1493 | BO27: 1470 | BP27: 1591 | BQ27: 3541 | BR27: 4547 | BS27: 4578 | BT27: 4375 | BU27: 4228 | BV27: 0 | BW27: 0 | BX27: =IF(ISERROR(BW27/BK27-1),"",BW27/BK27-1) -> -1 | BY27: =IF(ISERROR(BW27/BV27-1),"",BW27/BV27-1) | BZ27: =SUM(B27:M27) -> 0 | CA27: =SUM(N27:Y27) -> 0 | CB27: =SUM(Z27:AK27) -> 0 | CC27: =SUM(AL27:AW27) -> 0 | CD27: =SUM(AX27:BI27) -> 29362 | CE27: =SUM(BJ27:BU27) -> 32907 | CF27: =SUM(BV27:BW27) -> 0
A28: 零跑C11 | AT28: 294 | AU28: 163 | AV28: 1422 | AW28: 2164 | AX28: 2069 | AY28: 1521 | AZ28: 4201 | BA28: 1931 | BB28: 4345 | BC28: 4848 | BD28: 6582 | BE28: 6277 | BF28: 4398 | BG28: 2159 | BH28: 2720 | BI28: 3320 | BJ28: 426 | BK28: 1712 | BL28: 3154 | BM28: 6146 | BN28: 7121 | BO28: 8934 | BP28: 9283 | BQ28: 10024 | BR28: 8071 | BS28: 6330 | BT28: 3163 | BU28: 0 | BV28: 0 | BW28: 0 | BX28: =IF(ISERROR(BW28/BK28-1),"",BW28/BK28-1) -> -1 | BY28: =IF(ISERROR(BW28/BV28-1),"",BW28/BV28-1) | BZ28: =SUM(B28:M28) -> 0 | CA28: =SUM(N28:Y28) -> 0 | CB28: =SUM(Z28:AK28) -> 0 | CC28: =SUM(AL28:AW28) -> 4043 | CD28: =SUM(AX28:BI28) -> 44371 | CE28: =SUM(BJ28:BU28) -> 64364 | CF28: =SUM(BV28:BW28) -> 0
A29: 零跑T03 | AE29: 698 | AF29: 739 | AG29: 815 | AH29: 990 | AI29: 1681 | AJ29: 1927 | AK29: 2981 | AL29: 1637 | AM29: 371 | AN29: 2827 | AO29: 2729 | AP29: 3147 | AQ29: 3745 | AR29: 4283 | AS29: 4409 | AT29: 3807 | AU29: 3486 | AV29: 4177 | AW29: 5627 | AX29: 6007 | AY29: 1907 | AZ29: 5853 | BA29: 7156 | BB29: 5724 | BC29: 6411 | BD29: 5462 | BE29: 6248 | BF29: 6088 | BG29: 3564 | BH29: 3570 | BI29: 3937 | BJ29: 502 | BK29: 1332 | BL29: 2119 | BM29: 1580 | BN29: 2097 | BO29: 1664 | BP29: 2205 | BQ29: 2099 | BR29: 4494 | BS29: 6424 | BT29: 7599 | BU29: 7191 | BV29: 4177 | BW29: 5627 | BX29: =IF(ISERROR(BW29/BK29-1),"",BW29/BK29-1) -> 3.2244745 | BY29: =IF(ISERROR(BW29/BV29-1),"",BW29/BV29-1) -> 0.3471391 | BZ29: =SUM(B29:M29) -> 0 | CA29: =SUM(N29:Y29) -> 0 | CB29: =SUM(Z29:AK29) -> 9831 | CC29: =SUM(AL29:AW29) -> 40245 | CD29: =SUM(AX29:BI29) -> 61927 | CE29: =SUM(BJ29:BU29) -> 39306 | CF29: =SUM(BV29:BW29) -> 9804
A30: IONIQ 5 | AO30: 114 | AP30: 2157 | AQ30: 4789 | AR30: 5329 | AS30: 5548 | AT30: 6548 | AU30: 7166 | AV30: 6223 | AW30: 6564 | AX30: 5380 | AY30: 10588 | AZ30: 9757 | BA30: 8788 | BB30: 8245 | BC30: 7507 | BD30: 8348 | BE30: 6177 | BF30: 7318 | BG30: 7052 | BH30: 7493 | BI30: 8448 | BJ30: 4757 | BK30: 7390 | BL30: 7843 | BM30: 7985 | BN30: 8381 | BO30: 8753 | BP30: 9304 | BQ30: 9105 | BR30: 8403 | BS30: 8541 | BT30: 8097 | BU30: 7531 | BV30: 6223 | BW30: 6564 | BX30: =IF(ISERROR(BW30/BK30-1),"",BW30/BK30-1) -> -0.11177267 | BY30: =IF(ISERROR(BW30/BV30-1),"",BW30/BV30-1) -> 0.054796722 | BZ30: =SUM(B30:M30) -> 0 | CA30: =SUM(N30:Y30) -> 0 | CB30: =SUM(Z30:AK30) -> 0 | CC30: =SUM(AL30:AW30) -> 44438 | CD30: =SUM(AX30:BI30) -> 95101 | CE30: =SUM(BJ30:BU30) -> 96090 | CF30: =SUM(BV30:BW30) -> 12787
A31: 起亚EV6 | AS31: 1911 | AT31: 2757 | AU31: 4838 | AV31: 4824 | AW31: 4575 | AX31: 3180 | AY31: 6027 | AZ31: 9047 | BA31: 8509 | BB31: 7544 | BC31: 6560 | BD31: 6993 | BE31: 6005 | BF31: 6180 | BG31: 5605 | BH31: 5021 | BI31: 5717 | BJ31: 2995 | BK31: 5099 | BL31: 8080 | BM31: 7100 | BN31: 7365 | BO31: 7148 | BP31: 7325 | BQ31: 8484 | BR31: 6659 | BS31: 6388 | BT31: 5157 | BU31: 4447 | BV31: 4824 | BW31: 4575 | BX31: =IF(ISERROR(BW31/BK31-1),"",BW31/BK31-1) -> -0.10276525 | BY31: =IF(ISERROR(BW31/BV31-1),"",BW31/BV31-1) -> -0.051616915 | BZ31: =SUM(B31:M31) -> 0 | CA31: =SUM(N31:Y31) -> 0 | CB31: =SUM(Z31:AK31) -> 0 | CC31: =SUM(AL31:AW31) -> 18905 | CD31: =SUM(AX31:BI31) -> 76388 | CE31: =SUM(BJ31:BU31) -> 76247 | CF31: =SUM(BV31:BW31) -> 9399
A32: Mustang Mach-E | AK32: 242 | AL32: 286 | AM32: 4016 | AN32: 2981 | AO32: 2551 | AP32: 4595 | AQ32: 6083 | AR32: 6757 | AS32: 5481 | AT32: 4836 | AU32: 4654 | AV32: 6235 | AW32: 6167 | AX32: 5010 | AY32: 3867 | AZ32: 5007 | BA32: 6216 | BB32: 7842 | BC32: 4776 | BD32: 9376 | BE32: 5954 | BF32: 4748 | BG32: 6164 | BH32: 6450 | BI32: 10169 | BJ32: 3763 | BK32: 2680 | BL32: 3363 | BM32: 3145 | BN32: 4769 | BO32: 7415 | BP32: 6647 | BQ32: 8191 | BR32: 9185 | BS32: 5470 | BT32: 6713 | BU32: 8272 | BV32: 6235 | BW32: 6167 | BX32: =IF(ISERROR(BW32/BK32-1),"",BW32/BK32-1) -> 1.3011194 | BY32: =IF(ISERROR(BW32/BV32-1),"",BW32/BV32-1) -> -0.010906175 | BZ32: =SUM(B32:M32) -> 0 | CA32: =SUM(N32:Y32) -> 0 | CB32: =SUM(Z32:AK32) -> 242 | CC32: =SUM(AL32:AW32) -> 54642 | CD32: =SUM(AX32:BI32) -> 75579 | CE32: =SUM(BJ32:BU32) -> 69613 | CF32: =SUM(BV32:BW32) -> 12402
A33: 几何A | Q33: 1017 | R33: 1375 | S33: 1743 | T33: 1076 | U33: 1176 | V33: 1184 | W33: 1565 | X33: 2456 | Y33: 1070 | Z33: 96 | AA33: 285 | AB33: 293 | AC33: 168 | AD33: 216 | AE33: 63 | AF33: 874 | AG33: 326 | AH33: 464 | AI33: 725 | AJ33: 948 | AK33: 593 | AL33: 75 | AN33: 25 | AO33: 284 | AP33: 772 | AQ33: 942 | AR33: 1291 | AS33: 1639 | AT33: 1676 | AU33: 2004 | AV33: 2072 | AW33: 4206 | AX33: 3585 | AY33: 2192 | AZ33: 2450 | BA33: 2513 | BB33: 4461 | BC33: 4744 | BD33: 5286 | BE33: 5895 | BF33: 6307 | BG33: 5701 | BH33: 4922 | BI33: 5305 | BJ33: 1563 | BK33: 2248 | BL33: 2479 | BM33: 3039 | BN33: 1894 | BO33: 1049 | BP33: 1121 | BQ33: 2106 | BR33: 1154 | BS33: 802 | BT33: 479 | BU33: 547 | BV33: 2072 | BW33: 4206 | BX33: =IF(ISERROR(BW33/BK33-1),"",BW33/BK33-1) -> 0.87099644 | BY33: =IF(ISERROR(BW33/BV33-1),"",BW33/BV33-1) -> 1.0299228 | BZ33: =SUM(B33:M33) -> 0 | CA33: =SUM(N33:Y33) -> 12662 | CB33: =SUM(Z33:AK33) -> 5051 | CC33: =SUM(AL33:AW33) -> 14986 | CD33: =SUM(AX33:BI33) -> 53361 | CE33: =SUM(BJ33:BU33) -> 18481 | CF33: =SUM(BV33:BW33) -> 6278
A34: 荣威科莱威 | AB34: 97 | AC34: 566 | AD34: 531 | AE34: 2316 | AF34: 546 | AG34: 1 | AH34: 1880 | AI34: 3054 | AJ34: 467 | AK34: 2213 | AL34: 4675 | AM34: 13 | AN34: 2486 | AO34: 4130 | AP34: 4431 | AQ34: 2958 | AR34: 6183 | AS34: 8913 | AT34: 1209 | AU34: 9151 | AV34: 149 | AW34: 2539 | AX34: 5746 | AY34: 2085 | AZ34: 2269 | BA34: 1339 | BB34: 6263 | BC34: 4499 | BD34: 4678 | BE34: 5787 | BF34: 2506 | BG34: 3114 | BH34: 3914 | BI34: 2978 | BJ34: 0 | BK34: 1884 | BL34: 3493 | BM34: 3474 | BN34: 4048 | BO34: 4537 | BP34: 1949 | BQ34: 619 | BR34: 6 | BS34: 4 | BT34: 0 | BU34: 0 | BV34: 149 | BW34: 2539 | BX34: =IF(ISERROR(BW34/BK34-1),"",BW34/BK34-1) -> 0.34766454 | BY34: =IF(ISERROR(BW34/BV34-1),"",BW34/BV34-1) -> 16.040268 | BZ34: =SUM(B34:M34) -> 0 | CA34: =SUM(N34:Y34) -> 0 | CB34: =SUM(Z34:AK34) -> 11671 | CC34: =SUM(AL34:AW34) -> 46837 | CD34: =SUM(AX34:BI34) -> 45178 | CE34: =SUM(BJ34:BU34) -> 20014 | CF34: =SUM(BV34:BW34) -> 2688
A35: 哪吒U | AC35: 206 | AD35: 151 | AE35: 510 | AF35: 818 | AG35: 728 | AH35: 691 | AI35: 765 | AJ35: 603 | AK35: 776 | AL35: 119 | AN35: 40 | AO35: 169 | AP35: 1099 | AQ35: 1605 | AR35: 1542 | AS35: 2002 | AT35: 2690 | AU35: 2929 | AV35: 2986 | AW35: 4847 | AX35: 4527 | AY35: 3044 | AZ35: 3904 | BA35: 3119 | BB35: 3125 | BC35: 4010 | BD35: 5070 | BE35: 5781 | BF35: 6070 | BG35: 6295 | BH35: 3607 | BI35: 2469 | BJ35: 1012 | BK35: 3012 | BL35: 3056 | BM35: 3821 | BN35: 3963 | BO35: 5620 | BP35: 3433 | BQ35: 3617 | BR35: 3816 | BS35: 3967 | BT35: 0 | BU35: 0 | BV35: 2986 | BW35: 4847 | BX35: =IF(ISERROR(BW35/BK35-1),"",BW35/BK35-1) -> 0.60922975 | BY35: =IF(ISERROR(BW35/BV35-1),"",BW35/BV35-1) -> 0.6232418 | BZ35: =SUM(B35:M35) -> 0 | CA35: =SUM(N35:Y35) -> 0 | CB35: =SUM(Z35:AK35) -> 5248 | CC35: =SUM(AL35:AW35) -> 20028 | CD35: =SUM(AX35:BI35) -> 51021 | CE35: =SUM(BJ35:BU35) -> 35317 | CF35: =SUM(BV35:BW35) -> 7833
A36: 小鹏P7 | AE36: 302 | AF36: 1725 | AG36: 1996 | AH36: 2573 | AI36: 2104 | AJ36: 2732 | AK36: 3691 | AL36: 3710 | AM36: 1409 | AN36: 2855 | AO36: 2995 | AP36: 3797 | AQ36: 4730 | AR36: 6054 | AS36: 6165 | AT36: 7512 | AU36: 6044 | AV36: 7839 | AW36: 7459 | AX36: 6725 | AY36: 3634 | AZ36: 9195 | BA36: 3733 | BB36: 4237 | BC36: 8066 | BD36: 6410 | BE36: 5772 | BF36: 4651 | BG36: 2115 | BH36: 1815 | BI36: 3080 | BJ36: 1022 | BK36: 2294 | BL36: 3040 | BM36: 4068 | BN36: 4441 | BO36: 5198 | BP36: 5014 | BQ36: 4484 | BR36: 5365 | BS36: 4291 | BT36: 3107 | BU36: 4308 | BV36: 7839 | BW36: 7459 | BX36: =IF(ISERROR(BW36/BK36-1),"",BW36/BK36-1) -> 2.2515257 | BY36: =IF(ISERROR(BW36/BV36-1),"",BW36/BV36-1) -> -0.048475571 | BZ36: =SUM(B36:M36) -> 0 | CA36: =SUM(N36:Y36) -> 0 | CB36: =SUM(Z36:AK36) -> 15123 | CC36: =SUM(AL36:AW36) -> 60569 | CD36: =SUM(AX36:BI36) -> 59433 | CE36: =SUM(BJ36:BU36) -> 46632 | CF36: =SUM(BV36:BW36) -> 15298
A37: 比亚迪宋Pro EV | T37: 99 | U37: 454 | V37: 752 | W37: 765 | X37: 479 | Y37: 665 | Z37: 502 | AA37: 177 | AB37: 1003 | AC37: 1012 | AD37: 1015 | AE37: 1086 | AF37: 1198 | AG37: 849 | AH37: 859 | AI37: 1023 | AJ37: 1064 | AK37: 1044 | AL37: 135 | AM37: 62 | AN37: 182 | AO37: 1422 | AP37: 1619 | AQ37: 1985 | AR37: 2605 | AS37: 3579 | AT37: 4502 | AU37: 4588 | AV37: 4609 | AW37: 4052 | AY37: 3699 | AZ37: 4348 | BA37: 4927 | BB37: 5529 | BC37: 5560 | BD37: 5625 | BE37: 5688 | BF37: 5951 | BG37: 6066 | BH37: 6999 | BI37: 8391 | BJ37: 7181 | BK37: 7222 | BL37: 6704 | BM37: 4600 | BN37: 1031 | BO37: 2203 | BP37: 8408 | BQ37: 10240 | BR37: 10072 | BS37: 10982 | BT37: 11079 | BU37: 14100 | BV37: 4609 | BW37: 4052 | BX37: =IF(ISERROR(BW37/BK37-1),"",BW37/BK37-1) -> -0.43893658 | BY37: =IF(ISERROR(BW37/BV37-1),"",BW37/BV37-1) -> -0.12085051 | BZ37: =SUM(B37:M37) -> 0 | CA37: =SUM(N37:Y37) -> 3214 | CB37: =SUM(Z37:AK37) -> 10832 | CC37: =SUM(AL37:AW37) -> 29340 | CD37: =SUM(AX37:BI37) -> 62783 | CE37: =SUM(BJ37:BU37) -> 93822 | CF37: =SUM(BV37:BW37) -> 8661
A38: 大众ID.3 | AF38: 104 | AG38: 389 | AH38: 8287 | AI38: 10701 | AJ38: 8414 | AK38: 27955 | AL38: 2907 | AM38: 3701 | AN38: 4947 | AO38: 5866 | AP38: 6108 | AQ38: 7053 | AR38: 5496 | AS38: 7927 | AT38: 8316 | AU38: 6967 | AV38: 7561 | AW38: 8516 | AX38: 4967 | AY38: 3240 | AZ38: 4661 | BA38: 1867 | BB38: 4716 | BC38: 7381 | BD38: 8245 | BE38: 5557 | BF38: 5627 | BG38: 7486 | BH38: 10440 | BI38: 15029 | BJ38: 4866 | BK38: 6340 | BL38: 11598 | BM38: 9362 | BN38: 8101 | BO38: 8190 | BP38: 11539 | BQ38: 15555 | BR38: 13960 | BS38: 14600 | BT38: 19453 | BU38: 20691 | BV38: 7561 | BW38: 8516 | BX38: =IF(ISERROR(BW38/BK38-1),"",BW38/BK38-1) -> 0.34321767 | BY38: =IF(ISERROR(BW38/BV38-1),"",BW38/BV38-1) -> 0.12630604 | BZ38: =SUM(B38:M38) -> 0 | CA38: =SUM(N38:Y38) -> 0 | CB38: =SUM(Z38:AK38) -> 55850 | CC38: =SUM(AL38:AW38) -> 75365 | CD38: =SUM(AX38:BI38) -> 79216 | CE38: =SUM(BJ38:BU38) -> 144255 | CF38: =SUM(BV38:BW38) -> 16077
A39: 思皓E10X | AM39: 524 | AN39: 1619 | AO39: 2249 | AP39: 2257 | AQ39: 2801 | AR39: 2788 | AS39: 3255 | AT39: 4290 | AU39: 5322 | AV39: 5456 | AW39: 5578 | AX39: 4538 | AY39: 3550 | AZ39: 4023 | BA39: 3354 | BB39: 4950 | BC39: 4848 | BD39: 3908 | BE39: 5547 | BF39: 6005 | BG39: 4210 | BH39: 1642 | BI39: 3855 | BJ39: 841 | BK39: 1121 | BL39: 1049 | BM39: 1749 | BN39: 2169 | BO39: 1006 | BP39: 611 | BQ39: 830 | BR39: 1314 | BS39: 505 | BT39: 638 | BU39: 704 | BV39: 5456 | BW39: 5578 | BX39: =IF(ISERROR(BW39/BK39-1),"",BW39/BK39-1) -> 3.9759144 | BY39: =IF(ISERROR(BW39/BV39-1),"",BW39/BV39-1) -> 0.022360704 | BZ39: =SUM(B39:M39) -> 0 | CA39: =SUM(N39:Y39) -> 0 | CB39: =SUM(Z39:AK39) -> 0 | CC39: =SUM(AL39:AW39) -> 36139 | CD39: =SUM(AX39:BI39) -> 50430 | CE39: =SUM(BJ39:BU39) -> 12537 | CF39: =SUM(BV39:BW39) -> 11034
A40: 东风新能源EX1 | AU40: 5682 | AV40: 6131 | AW40: 8936 | AX40: 7947 | AY40: 6210 | AZ40: 4832 | BA40: 4294 | BB40: 7146 | BC40: 8176 | BD40: 8678 | BE40: 5476 | BF40: 4231 | BG40: 10785 | BH40: 5243 | BI40: 7546 | BJ40: 3082 | BK40: 4417 | BL40: 1587 | BM40: 847 | BN40: 0 | BO40: 0 | BP40: 0 | BQ40: 3281 | BR40: 4028 | BS40: 0 | BT40: 1729 | BU40: 908 | BV40: 6131 | BW40: 8936 | BX40: =IF(ISERROR(BW40/BK40-1),"",BW40/BK40-1) -> 1.0230926 | BY40: =IF(ISERROR(BW40/BV40-1),"",BW40/BV40-1) -> 0.45751101 | BZ40: =SUM(B40:M40) -> 0 | CA40: =SUM(N40:Y40) -> 0 | CB40: =SUM(Z40:AK40) -> 0 | CC40: =SUM(AL40:AW40) -> 20749 | CD40: =SUM(AX40:BI40) -> 80564 | CE40: =SUM(BJ40:BU40) -> 19879 | CF40: =SUM(BV40:BW40) -> 15067
A41: 雪佛兰Bolt EUV | AP41: 16 | AQ41: 625 | AR41: 1730 | AS41: 1494 | AT41: 11 | AU41: 7 | AW41: 3 | AX41: 13 | AY41: 48 | AZ41: 271 | BA41: 1159 | BB41: 1313 | BC41: 2724 | BD41: 4477 | BE41: 4783 | BF41: 4680 | BG41: 4996 | BH41: 3052 | BI41: 5033 | BJ41: 4297 | BK41: 5609 | BL41: 5469 | BM41: 4253 | BN41: 3195 | BO41: 4787 | BP41: 4002 | BQ41: 4438 | BR41: 4638 | BS41: 4315 | BT41: 3737 | BU41: 3390 | BV41: 0 | BW41: 3 | BX41: =IF(ISERROR(BW41/BK41-1),"",BW41/BK41-1) -> -0.99946515 | BY41: =IF(ISERROR(BW41/BV41-1),"",BW41/BV41-1) | BZ41: =SUM(B41:M41) -> 0 | CA41: =SUM(N41:Y41) -> 0 | CB41: =SUM(Z41:AK41) -> 0 | CC41: =SUM(AL41:AW41) -> 3886 | CD41: =SUM(AX41:BI41) -> 32549 | CE41: =SUM(BJ41:BU41) -> 52130 | CF41: =SUM(BV41:BW41) -> 3
A42: 斯柯达Enyaq iV | AK42: 741 | AL42: 91 | AM42: 6 | AN42: 120 | AO42: 2395 | AP42: 5380 | AQ42: 6108 | AR42: 3776 | AS42: 3636 | AT42: 5968 | AU42: 5262 | AV42: 5207 | AW42: 5923 | AX42: 3158 | AY42: 2693 | AZ42: 2970 | BA42: 3655 | BB42: 3776 | BC42: 5569 | BD42: 4547 | BE42: 4581 | BF42: 5081 | BG42: 4428 | BH42: 5124 | BI42: 6503 | BJ42: 3137 | BK42: 3484 | BL42: 4821 | BM42: 5014 | BN42: 6196 | BO42: 7152 | BP42: 7096 | BQ42: 8032 | BR42: 7396 | BS42: 8202 | BT42: 9079 | BU42: 8585 | BV42: 5207 | BW42: 5923 | BX42: =IF(ISERROR(BW42/BK42-1),"",BW42/BK42-1) -> 0.70005741 | BY42: =IF(ISERROR(BW42/BV42-1),"",BW42/BV42-1) -> 0.1375072 | BZ42: =SUM(B42:M42) -> 0 | CA42: =SUM(N42:Y42) -> 0 | CB42: =SUM(Z42:AK42) -> 741 | CC42: =SUM(AL42:AW42) -> 43872 | CD42: =SUM(AX42:BI42) -> 52085 | CE42: =SUM(BJ42:BU42) -> 78194 | CF42: =SUM(BV42:BW42) -> 11130
A43: ID.4 X | AN43: 625 | AO43: 922 | AP43: 847 | AQ43: 1100 | AR43: 2651 | AS43: 1686 | AT43: 3189 | AU43: 4195 | AV43: 3914 | AW43: 4045 | AX43: 4088 | AY43: 1357 | AZ43: 1527 | BA43: 539 | BB43: 2201 | BC43: 4571 | BD43: 5144 | BE43: 4561 | BF43: 1933 | BG43: 3034 | BH43: 4074 | BI43: 3608 | BJ43: 1135 | BK43: 680 | BL43: 1703 | BM43: 3601 | BN43: 2323 | BO43: 1733 | BP43: 841 | BQ43: 1913 | BR43: 3460 | BS43: 2653 | BT43: 2253 | BU43: 2344 | BV43: 3914 | BW43: 4045 | BX43: =IF(ISERROR(BW43/BK43-1),"",BW43/BK43-1) -> 4.9485294 | BY43: =IF(ISERROR(BW43/BV43-1),"",BW43/BV43-1) -> 0.033469596 | BZ43: =SUM(B43:M43) -> 0 | CA43: =SUM(N43:Y43) -> 0 | CB43: =SUM(Z43:AK43) -> 0 | CC43: =SUM(AL43:AW43) -> 23174 | CD43: =SUM(AX43:BI43) -> 36637 | CE43: =SUM(BJ43:BU43) -> 24639 | CF43: =SUM(BV43:BW43) -> 7959
A44: 蔚来ES6 | AI44: 883 | AJ44: 1518 | AK44: 2505 | AL44: 2845 | AM44: 2035 | AN44: 2576 | AO44: 2416 | AP44: 2282 | AQ44: 2830 | AR44: 2560 | AS44: 1800 | AT44: 3390 | AU44: 921 | AV44: 3482 | AW44: 4939 | AX44: 5247 | AY44: 3309 | AZ44: 5064 | BA44: 1878 | BB44: 2936 | BC44: 5100 | BD44: 4836 | BE44: 4507 | BF44: 3507 | BG44: 1970 | BH44: 1927 | BI44: 1731 | BJ44: 872 | BK44: 2848 | BL44: 853 | BM44: 174 | BN44: 1016 | BO44: 4677 | BP44: 11118 | BQ44: 8601 | BR44: 7918 | BS44: 5918 | BT44: 5697 | BU44: 6982 | BV44: 4713 | BW44: 4939 | BX44: =IF(ISERROR(BW44/BK44-1),"",BW44/BK44-1) -> 0.73419944 | BY44: =IF(ISERROR(BW44/BV44-1),"",BW44/BV44-1) -> 0.047952472 | BZ44: =SUM(B44:M44) -> 0 | CA44: =SUM(N44:Y44) -> 0 | CB44: =SUM(Z44:AK44) -> 4906 | CC44: =SUM(AL44:AW44) -> 32076 | CD44: =SUM(AX44:BI44) -> 42012 | CE44: =SUM(BJ44:BU44) -> 56674 | CF44: =SUM(BV44:BW44) -> 9652
A45: 长安奔奔 | B45: 680 | C45: 578 | D45: 1300 | E45: 2005 | F45: 2065 | I45: 135 | J45: 2395 | K45: 1543 | L45: 489 | M45: 1107 | O45: 515 | P45: 619 | Q45: 83 | R45: 256 | S45: 776 | T45: 25 | Y45: 37 | Z45: 180 | AA45: 38 | AB45: 619 | AC45: 355 | AD45: 1838 | AE45: 897 | AF45: 489 | AG45: 704 | AH45: 667 | AI45: 1141 | AJ45: 1728 | AK45: 2610 | AL45: 3240 | AM45: 3274 | AN45: 4080 | AO45: 3828 | AP45: 8371 | AQ45: 6358 | AR45: 8726 | AS45: 7358 | AT45: 7970 | AU45: 6386 | AV45: 6443 | AW45: 10404 | AX45: 9852 | AY45: 5613 | AZ45: 10709 | BA45: 6692 | BB45: 8485 | BC45: 10161 | BD45: 10127 | BE45: 4255 | BF45: 6309 | BG45: 8835 | BH45: 8915 | BI45: 8674 | BJ45: 3545 | BK45: 712 | BL45: 4317 | BM45: 55 | BN45: 0 | BO45: 1007 | BP45: 427 | BQ45: 498 | BR45: 937 | BS45: 1488 | BT45: 712 | BU45: 787 | BV45: 6443 | BW45: 10404 | BX45: =IF(ISERROR(BW45/BK45-1),"",BW45/BK45-1) -> 13.61236 | BY45: =IF(ISERROR(BW45/BV45-1),"",BW45/BV45-1) -> 0.61477573 | BZ45: =SUM(B45:M45) -> 12297 | CA45: =SUM(N45:Y45) -> 2311 | CB45: =SUM(Z45:AK45) -> 11266 | CC45: =SUM(AL45:AW45) -> 76438 | CD45: =SUM(AX45:BI45) -> 98627 | CE45: =SUM(BJ45:BU45) -> 14485 | CF45: =SUM(BV45:BW45) -> 16847
A46: Marvel R | AQ46: 781 | AR46: 696 | AS46: 929 | AT46: 794 | AU46: 1312 | AV46: 302 | AW46: 1213 | AX46: 1169 | AY46: 947 | AZ46: 601 | BA46: 644 | BB46: 1836 | BC46: 2388 | BD46: 3620 | BE46: 4138 | BF46: 3105 | BG46: 2855 | BH46: 2204 | BI46: 4015 | BJ46: 870 | BK46: 527 | BL46: 789 | BM46: 446 | BN46: 1254 | BO46: 1358 | BP46: 939 | BQ46: 786 | BR46: 971 | BS46: 894 | BT46: 636 | BU46: 1081 | BV46: 302 | BW46: 1213 | BX46: =IF(ISERROR(BW46/BK46-1),"",BW46/BK46-1) -> 1.3017078 | BY46: =IF(ISERROR(BW46/BV46-1),"",BW46/BV46-1) -> 3.0165563 | BZ46: =SUM(B46:M46) -> 0 | CA46: =SUM(N46:Y46) -> 0 | CB46: =SUM(Z46:AK46) -> 0 | CC46: =SUM(AL46:AW46) -> 6027 | CD46: =SUM(AX46:BI46) -> 27522 | CE46: =SUM(BJ46:BU46) -> 10551 | CF46: =SUM(BV46:BW46) -> 1515
A47: 宝马iX3 | AH47: 18 | AI47: 17 | AJ47: 26 | AK47: 867 | AL47: 1185 | AM47: 106 | AN47: 1676 | AO47: 1978 | AP47: 1474 | AQ47: 3497 | AR47: 2764 | AS47: 3946 | AT47: 3980 | AU47: 3630 | AV47: 6666 | AW47: 8217 | AX47: 3822 | AY47: 3584 | AZ47: 6621 | BA47: 4261 | BB47: 5997 | BC47: 6138 | BD47: 5067 | BE47: 4080 | BF47: 4349 | BG47: 4839 | BH47: 6533 | BI47: 7095 | BJ47: 3724 | BK47: 3943 | BL47: 5529 | BM47: 5218 | BN47: 10104 | BO47: 5833 | BP47: 9238 | BQ47: 5828 | BR47: 6683 | BS47: 6114 | BT47: 6384 | BU47: 6950 | BV47: 6666 | BW47: 8217 | BX47: =IF(ISERROR(BW47/BK47-1),"",BW47/BK47-1) -> 1.0839462 | BY47: =IF(ISERROR(BW47/BV47-1),"",BW47/BV47-1) -> 0.23267327 | BZ47: =SUM(B47:M47) -> 0 | CA47: =SUM(N47:Y47) -> 0 | CB47: =SUM(Z47:AK47) -> 928 | CC47: =SUM(AL47:AW47) -> 39119 | CD47: =SUM(AX47:BI47) -> 62386 | CE47: =SUM(BJ47:BU47) -> 75548 | CF47: =SUM(BV47:BW47) -> 14883
A48: 红旗E-QM5 | AN48: 10 | AO48: 20 | AP48: 1000 | AQ48: 2881 | AR48: 928 | AS48: 592 | AT48: 1168 | AU48: 2620 | AV48: 2128 | AW48: 5294 | AX48: 6 | AY48: 26 | AZ48: 110 | BA48: 475 | BB48: 3173 | BC48: 2488 | BD48: 2303 | BE48: 4055 | BF48: 4561 | BG48: 5024 | BH48: 3032 | BI48: 5492 | BJ48: 6703 | BK48: 2471 | BL48: 4890 | BM48: 7375 | BN48: 7972 | BO48: 7261 | BP48: 4458 | BQ48: 6710 | BR48: 8971 | BS48: 7932 | BT48: 8400 | BU48: 8791 | BV48: 2128 | BW48: 5294 | BX48: =IF(ISERROR(BW48/BK48-1),"",BW48/BK48-1) -> 1.1424524 | BY48: =IF(ISERROR(BW48/BV48-1),"",BW48/BV48-1) -> 1.487782 | BZ48: =SUM(B48:M48) -> 0 | CA48: =SUM(N48:Y48) -> 0 | CB48: =SUM(Z48:AK48) -> 0 | CC48: =SUM(AL48:AW48) -> 16641 | CD48: =SUM(AX48:BI48) -> 30745 | CE48: =SUM(BJ48:BU48) -> 81934 | CF48: =SUM(BV48:BW48) -> 7422
A49: 日产聆风 | B49: 4481 | C49: 6285 | D49: 10784 | E49: 5877 | F49: 6918 | G49: 6422 | H49: 6948 | I49: 7339 | J49: 8872 | K49: 7632 | L49: 8033 | M49: 5339 | N49: 7316 | O49: 5241 | P49: 7733 | Q49: 4313 | R49: 4696 | S49: 5247 | T49: 5992 | U49: 5288 | V49: 6783 | W49: 4892 | X49: 5479 | Y49: 5247 | Z49: 4851 | AA49: 6573 | AB49: 4862 | AC49: 1545 | AD49: 2328 | AE49: 2995 | AF49: 3928 | AG49: 3506 | AH49: 5183 | AI49: 4569 | AJ49: 5657 | AK49: 8197 | AL49: 3578 | AM49: 3745 | AN49: 7363 | AO49: 4467 | AP49: 4818 | AQ49: 4547 | AR49: 3979 | AS49: 3982 | AT49: 5196 | AU49: 4903 | AV49: 6182 | AW49: 9174 | AX49: 4467 | AY49: 4996 | AZ49: 6975 | BA49: 3780 | BB49: 3239 | BC49: 3821 | BD49: 3560 | BE49: 3973 | BF49: 4834 | BG49: 4060 | BH49: 5145 | BI49: 6449 | BJ49: 3522 | BK49: 3111 | BL49: 5177 | BM49: 3023 | BN49: 2385 | BO49: 2967 | BP49: 2152 | BQ49: 2328 | BR49: 3625 | BS49: 2942 | BT49: 2508 | BU49: 2848 | BV49: 6182 | BW49: 9174 | BX49: =IF(ISERROR(BW49/BK49-1),"",BW49/BK49-1) -> 1.948891 | BY49: =IF(ISERROR(BW49/BV49-1),"",BW49/BV49-1) -> 0.48398577 | BZ49: =SUM(B49:M49) -> 84930 | CA49: =SUM(N49:Y49) -> 68227 | CB49: =SUM(Z49:AK49) -> 54194 | CC49: =SUM(AL49:AW49) -> 61934 | CD49: =SUM(AX49:BI49) -> 55299 | CE49: =SUM(BJ49:BU49) -> 36588 | CF49: =SUM(BV49:BW49) -> 15356
A50: 菲亚特500 | B50: 136 | C50: 125 | D50: 132 | E50: 117 | F50: 106 | H50: 182 | I50: 282 | J50: 265 | K50: 264 | L50: 354 | M50: 209 | N50: 131 | O50: 104 | P50: 155 | Q50: 137 | R50: 168 | S50: 153 | T50: 150 | U50: 163 | V50: 126 | W50: 100 | X50: 115 | Y50: 135 | Z50: 100 | AA50: 75 | AB50: 14 | AC50: 5 | AD50: 5 | AE50: 55 | AF50: 40 | AG50: 38 | AH50: 57 | AI50: 57 | AJ50: 1033 | AK50: 3925 | AL50: 1505 | AM50: 2028 | AN50: 3246 | AO50: 3114 | AP50: 3495 | AQ50: 4906 | AR50: 3528 | AS50: 3028 | AT50: 4565 | AU50: 4037 | AV50: 3881 | AW50: 4474 | AX50: 3035 | AY50: 3645 | AZ50: 6275 | BA50: 5275 | BB50: 6377 | BC50: 7164 | BD50: 4990 | BE50: 3954 | BF50: 4846 | BG50: 5507 | BH50: 5854 | BI50: 8107 | BJ50: 3085 | BK50: 4350 | BL50: 5069 | BM50: 3649 | BN50: 5785 | BO50: 7549 | BP50: 4716 | BQ50: 5516 | BR50: 5905 | BS50: 4894 | BT50: 4589 | BU50: 6456 | BV50: 3881 | BW50: 4474 | BX50: =IF(ISERROR(BW50/BK50-1),"",BW50/BK50-1) -> 0.028505747 | BY50: =IF(ISERROR(BW50/BV50-1),"",BW50/BV50-1) -> 0.15279567 | BZ50: =SUM(B50:M50) -> 2172 | CA50: =SUM(N50:Y50) -> 1637 | CB50: =SUM(Z50:AK50) -> 5404 | CC50: =SUM(AL50:AW50) -> 41807 | CD50: =SUM(AX50:BI50) -> 65029 | CE50: =SUM(BJ50:BU50) -> 61563 | CF50: =SUM(BV50:BW50) -> 8355
A51: AionV | AE51: 328 | AF51: 1069 | AG51: 2086 | AH51: 2183 | AI51: 2006 | AJ51: 2002 | AK51: 1500 | AL51: 1201 | AM51: 503 | AN51: 1205 | AO51: 1153 | AP51: 1256 | AQ51: 1265 | AR51: 2183 | AS51: 2154 | AT51: 787 | AU51: 682 | AV51: 1422 | AW51: 2014 | AX51: 2230 | AY51: 2140 | AZ51: 3579 | BA51: 1337 | BB51: 1855 | BC51: 3002 | BD51: 5028 | BE51: 3879 | BF51: 2632 | BG51: 2671 | BH51: 1744 | BI51: 1727 | BJ51: 317 | BK51: 250 | BL51: 346 | BM51: 370 | BN51: 417 | BO51: 1778 | BP51: 2679 | BQ51: 1968 | BR51: 1758 | BS51: 1837 | BT51: 4599 | BU51: 4062 | BV51: 1422 | BW51: 2014 | BX51: =IF(ISERROR(BW51/BK51-1),"",BW51/BK51-1) -> 7.056 | BY51: =IF(ISERROR(BW51/BV51-1),"",BW51/BV51-1) -> 0.41631505 | BZ51: =SUM(B51:M51) -> 0 | CA51: =SUM(N51:Y51) -> 0 | CB51: =SUM(Z51:AK51) -> 11174 | CC51: =SUM(AL51:AW51) -> 15825 | CD51: =SUM(AX51:BI51) -> 31824 | CE51: =SUM(BJ51:BU51) -> 20381 | CF51: =SUM(BV51:BW51) -> 3436
A52: 比亚迪秦Pro EV | J52: 1003 | L52: 5243 | Y52: 846 | Z52: 1690 | AA52: 1477 | AB52: 5411 | AC52: 5096 | AD52: 3201 | AE52: 4303 | AF52: 3400 | AG52: 2437 | AH52: 3474 | AI52: 3526 | AJ52: 4081 | AK52: 3713 | AL52: 1514 | AM52: 1133 | AN52: 1663 | AO52: 943 | AP52: 1470 | AQ52: 1968 | AR52: 2279 | AS52: 1708 | AT52: 1428 | AU52: 1817 | AV52: 1898 | AW52: 1656 | AX52: 1006 | AY52: 1995 | AZ52: 1855 | BA52: 3228 | BB52: 2810 | BC52: 3243 | BD52: 4021 | BE52: 3823 | BF52: 3457 | BG52: 2475 | BH52: 2822 | BI52: 3057 | BJ52: 2595 | BK52: 3106 | BL52: 1750 | BM52: 2199 | BN52: 2350 | BO52: 2153 | BP52: 2540 | BQ52: 2196 | BR52: 2070 | BS52: 2001 | BT52: 1588 | BU52: 1734 | BV52: 1898 | BW52: 1656 | BX52: =IF(ISERROR(BW52/BK52-1),"",BW52/BK52-1) -> -0.46683838 | BY52: =IF(ISERROR(BW52/BV52-1),"",BW52/BV52-1) -> -0.12750263 | BZ52: =SUM(B52:M52) -> 6246 | CA52: =SUM(N52:Y52) -> 846 | CB52: =SUM(Z52:AK52) -> 41809 | CC52: =SUM(AL52:AW52) -> 19477 | CD52: =SUM(AX52:BI52) -> 33792 | CE52: =SUM(BJ52:BU52) -> 26282 | CF52: =SUM(BV52:BW52) -> 3554
A53: 启辰D60 | V53: 455 | W53: 87 | X53: 336 | Y53: 3746 | Z53: 166 | AA53: 2 | AC53: 279 | AD53: 139 | AE53: 186 | AF53: 278 | AG53: 364 | AH53: 1682 | AI53: 1041 | AJ53: 696 | AK53: 1777 | AL53: 419 | AM53: 52 | AN53: 262 | AO53: 666 | AP53: 894 | AQ53: 494 | AR53: 551 | AS53: 1155 | AT53: 838 | AU53: 2352 | AV53: 2329 | AW53: 3262 | AX53: 2082 | AY53: 3043 | AZ53: 670 | BA53: 1471 | BB53: 2414 | BC53: 4522 | BD53: 4507 | BE53: 3751 | BF53: 5205 | BG53: 5784 | BH53: 2917 | BI53: 6418 | BJ53: 1406 | BK53: 2039 | BL53: 2743 | BM53: 1284 | BN53: 943 | BO53: 306 | BP53: 1215 | BQ53: 1799 | BR53: 1937 | BS53: 649 | BT53: 841 | BU53: 791 | BV53: 2329 | BW53: 3262 | BX53: =IF(ISERROR(BW53/BK53-1),"",BW53/BK53-1) -> 0.59980383 | BY53: =IF(ISERROR(BW53/BV53-1),"",BW53/BV53-1) -> 0.40060112 | BZ53: =SUM(B53:M53) -> 0 | CA53: =SUM(N53:Y53) -> 4624 | CB53: =SUM(Z53:AK53) -> 6610 | CC53: =SUM(AL53:AW53) -> 13274 | CD53: =SUM(AX53:BI53) -> 42784 | CE53: =SUM(BJ53:BU53) -> 15953 | CF53: =SUM(BV53:BW53) -> 5591
A54: 起亚NIRO EV | H54: 90 | I54: 976 | J54: 1066 | K54: 796 | L54: 614 | M54: 246 | N54: 609 | O54: 1585 | P54: 2727 | Q54: 2174 | R54: 2184 | S54: 1740 | T54: 1616 | U54: 1353 | V54: 1510 | W54: 1718 | X54: 1298 | Y54: 1293 | Z54: 1558 | AA54: 2457 | AB54: 1752 | AC54: 1048 | AD54: 1595 | AE54: 2748 | AF54: 3440 | AG54: 3347 | AH54: 4832 | AI54: 4295 | AJ54: 3532 | AK54: 3345 | AL54: 3216 | AM54: 2921 | AN54: 4854 | AO54: 3665 | AP54: 5101 | AQ54: 6096 | AR54: 4450 | AS54: 5286 | AT54: 7013 | AU54: 5198 | AV54: 4706 | AW54: 5010 | AX54: 4602 | AY54: 4519 | AZ54: 6464 | BA54: 3772 | BB54: 4168 | BC54: 5200 | BD54: 3522 | BE54: 3707 | BF54: 5966 | BG54: 3198 | BH54: 3411 | BI54: 3989 | BJ54: 3058 | BK54: 3485 | BL54: 4912 | BM54: 4504 | BN54: 4570 | BO54: 5168 | BP54: 3595 | BQ54: 6152 | BR54: 5131 | BS54: 4379 | BT54: 4607 | BU54: 3799 | BV54: 4706 | BW54: 5010 | BX54: =IF(ISERROR(BW54/BK54-1),"",BW54/BK54-1) -> 0.43758967 | BY54: =IF(ISERROR(BW54/BV54-1),"",BW54/BV54-1) -> 0.064598385 | BZ54: =SUM(B54:M54) -> 3788 | CA54: =SUM(N54:Y54) -> 19807 | CB54: =SUM(Z54:AK54) -> 33949 | CC54: =SUM(AL54:AW54) -> 57516 | CD54: =SUM(AX54:BI54) -> 52518 | CE54: =SUM(BJ54:BU54) -> 53360 | CF54: =SUM(BV54:BW54) -> 9716
A55: 几何C | AF55: 221 | AG55: 784 | AH55: 1156 | AI55: 1189 | AJ55: 1059 | AK55: 824 | AL55: 1106 | AM55: 536 | AN55: 946 | AO55: 591 | AP55: 761 | AQ55: 642 | AR55: 574 | AS55: 766 | AT55: 1937 | AU55: 1399 | AV55: 1123 | AW55: 389 | AX55: 1968 | AY55: 1415 | AZ55: 1895 | BA55: 1255 | BB55: 1964 | BC55: 2379 | BD55: 1757 | BE55: 3636 | BF55: 2593 | BG55: 2631 | BH55: 1751 | BI55: 2026 | BJ55: 80 | BK55: 540 | BL55: 923 | BM55: 396 | BN55: 299 | BO55: 518 | BP55: 136 | BQ55: 1035 | BR55: 1914 | BS55: 1245 | BT55: 0 | BU55: 74 | BV55: 1123 | BW55: 389 | BX55: =IF(ISERROR(BW55/BK55-1),"",BW55/BK55-1) -> -0.27962963 | BY55: =IF(ISERROR(BW55/BV55-1),"",BW55/BV55-1) -> -0.65360641 | BZ55: =SUM(B55:M55) -> 0 | CA55: =SUM(N55:Y55) -> 0 | CB55: =SUM(Z55:AK55) -> 5233 | CC55: =SUM(AL55:AW55) -> 10770 | CD55: =SUM(AX55:BI55) -> 25270 | CE55: =SUM(BJ55:BU55) -> 7160 | CF55: =SUM(BV55:BW55) -> 1512
A56: Spring Electric | AK56: 1722 | AL56: 36 | AM56: 61 | AN56: 274 | AO56: 354 | AP56: 135 | AQ56: 2068 | AR56: 730 | AS56: 372 | AT56: 4166 | AU56: 5152 | AV56: 5746 | AW56: 8055 | AX56: 3113 | AY56: 1869 | AZ56: 3943 | BA56: 3406 | BB56: 3779 | BC56: 3234 | BD56: 2913 | BE56: 3601 | BF56: 4797 | BG56: 2102 | BH56: 5486 | BI56: 9622 | BJ56: 4193 | BK56: 4292 | BL56: 5541 | BM56: 4156 | BN56: 3576 | BO56: 4789 | BP56: 5920 | BQ56: 5868 | BR56: 4963 | BS56: 6129 | BT56: 5448 | BU56: 5359 | BV56: 5746 | BW56: 8055 | BX56: =IF(ISERROR(BW56/BK56-1),"",BW56/BK56-1) -> 0.87674744 | BY56: =IF(ISERROR(BW56/BV56-1),"",BW56/BV56-1) -> 0.40184476 | BZ56: =SUM(B56:M56) -> 0 | CA56: =SUM(N56:Y56) -> 0 | CB56: =SUM(Z56:AK56) -> 1722 | CC56: =SUM(AL56:AW56) -> 27149 | CD56: =SUM(AX56:BI56) -> 47865 | CE56: =SUM(BJ56:BU56) -> 60234 | CF56: =SUM(BV56:BW56) -> 13801
A57: 奥迪Q4 e-tron | AO57: 130 | AP57: 148 | AQ57: 1933 | AR57: 1286 | AS57: 2047 | AT57: 2843 | AU57: 3391 | AV57: 4008 | AW57: 5029 | AX57: 3599 | AY57: 3115 | AZ57: 4061 | BA57: 1711 | BB57: 3150 | BC57: 2607 | BD57: 2651 | BE57: 3580 | BF57: 5901 | BG57: 7133 | BH57: 7577 | BI57: 9750 | BJ57: 4637 | BK57: 5848 | BL57: 9665 | BM57: 8273 | BN57: 8871 | BO57: 8986 | BP57: 10974 | BQ57: 9603 | BR57: 10980 | BS57: 10647 | BT57: 10504 | BU57: 8718 | BV57: 4008 | BW57: 5029 | BX57: =IF(ISERROR(BW57/BK57-1),"",BW57/BK57-1) -> -0.14004788 | BY57: =IF(ISERROR(BW57/BV57-1),"",BW57/BV57-1) -> 0.25474052 | BZ57: =SUM(B57:M57) -> 0 | CA57: =SUM(N57:Y57) -> 0 | CB57: =SUM(Z57:AK57) -> 0 | CC57: =SUM(AL57:AW57) -> 20815 | CD57: =SUM(AX57:BI57) -> 54835 | CE57: =SUM(BJ57:BU57) -> 107706 | CF57: =SUM(BV57:BW57) -> 9037
A58: 日产Sakura | BB58: 178 | BC58: 1675 | BD58: 3319 | BE58: 3523 | BF58: 4247 | BG58: 1880 | BH58: 3497 | BI58: 3568 | BJ58: 4213 | BK58: 4109 | BL58: 2888 | BM58: 2370 | BN58: 2773 | BO58: 3236 | BP58: 3174 | BQ58: 2419 | BR58: 3801 | BS58: 2990 | BT58: 2725 | BU58: 2442 | BV58: 0 | BW58: 0 | BX58: =IF(ISERROR(BW58/BK58-1),"",BW58/BK58-1) -> -1 | BY58: =IF(ISERROR(BW58/BV58-1),"",BW58/BV58-1) | BZ58: =SUM(B58:M58) -> 0 | CA58: =SUM(N58:Y58) -> 0 | CB58: =SUM(Z58:AK58) -> 0 | CC58: =SUM(AL58:AW58) -> 0 | CD58: =SUM(AX58:BI58) -> 21887 | CE58: =SUM(BJ58:BU58) -> 37140 | CF58: =SUM(BV58:BW58) -> 0
A59: Velite 6 | M59: 5000 | Q59: 500 | R59: 389 | S59: 410 | T59: 119 | U59: 121 | V59: 50 | W59: 348 | X59: 400 | Y59: 1005 | Z59: 159 | AA59: 12 | AB59: 198 | AC59: 1298 | AD59: 3526 | AE59: 792 | AF59: 521 | AG59: 304 | AH59: 1833 | AI59: 613 | AJ59: 1259 | AK59: 2740 | AL59: 768 | AO59: 196 | AP59: 508 | AQ59: 600 | AR59: 787 | AS59: 1589 | AT59: 1770 | AU59: 454 | AV59: 2852 | AW59: 4710 | AX59: 3652 | AY59: 1234 | AZ59: 1340 | BA59: 442 | BB59: 2775 | BC59: 2947 | BD59: 3292 | BE59: 3307 | BF59: 2704 | BG59: 1770 | BH59: 2302 | BI59: 2239 | BJ59: 973 | BK59: 2295 | BL59: 1797 | BM59: 1602 | BN59: 1462 | BO59: 1933 | BP59: 2506 | BQ59: 3699 | BR59: 4103 | BS59: 5091 | BT59: 8076 | BU59: 0 | BV59: 0 | BW59: 0 | BX59: =IF(ISERROR(BW59/BK59-1),"",BW59/BK59-1) -> -1 | BY59: =IF(ISERROR(BW59/BV59-1),"",BW59/BV59-1) | BZ59: =SUM(B59:M59) -> 5000 | CA59: =SUM(N59:Y59) -> 3342 | CB59: =SUM(Z59:AK59) -> 13255 | CC59: =SUM(AL59:AW59) -> 14234 | CD59: =SUM(AX59:BI59) -> 28004 | CE59: =SUM(BJ59:BU59) -> 33537 | CF59: =SUM(BV59:BW59) -> 0
A60: 大众ID.6 CROZZ | AQ60: 538 | AR60: 620 | AS60: 1302 | AT60: 1664 | AU60: 1776 | AV60: 2248 | AW60: 2218 | AX60: 881 | AY60: 1470 | AZ60: 2162 | BA60: 1195 | BB60: 1638 | BC60: 2882 | BD60: 2940 | BE60: 3300 | BF60: 2905 | BG60: 2944 | BH60: 2402 | BI60: 1321 | BJ60: 280 | BK60: 642 | BL60: 1157 | BM60: 1374 | BN60: 1365 | BO60: 1429 | BP60: 1354 | BQ60: 543 | BR60: 962 | BS60: 783 | BT60: 588 | BU60: 634 | BV60: 2248 | BW60: 2218 | BX60: =IF(ISERROR(BW60/BK60-1),"",BW60/BK60-1) -> 2.4548287 | BY60: =IF(ISERROR(BW60/BV60-1),"",BW60/BV60-1) -> -0.013345196 | BZ60: =SUM(B60:M60) -> 0 | CA60: =SUM(N60:Y60) -> 0 | CB60: =SUM(Z60:AK60) -> 0 | CC60: =SUM(AL60:AW60) -> 10366 | CD60: =SUM(AX60:BI60) -> 26040 | CE60: =SUM(BJ60:BU60) -> 11111 | CF60: =SUM(BV60:BW60) -> 4466
A61: 奔腾NAT | AT61: 636 | AU61: 216 | AV61: 682 | AW61: 6890 | AX61: 57 | AY61: 101 | AZ61: 204 | BA61: 41 | BB61: 1772 | BC61: 1871 | BD61: 1709 | BE61: 3266 | BF61: 3585 | BG61: 381 | BH61: 3013 | BI61: 4243 | BJ61: 328 | BK61: 1369 | BL61: 1926 | BM61: 2216 | BN61: 1318 | BO61: 3887 | BP61: 1356 | BQ61: 2051 | BR61: 1182 | BS61: 327 | BT61: 1779 | BU61: 3447 | BV61: 682 | BW61: 6890 | BX61: =IF(ISERROR(BW61/BK61-1),"",BW61/BK61-1) -> 4.0328707 | BY61: =IF(ISERROR(BW61/BV61-1),"",BW61/BV61-1) -> 9.1026393 | BZ61: =SUM(B61:M61) -> 0 | CA61: =SUM(N61:Y61) -> 0 | CB61: =SUM(Z61:AK61) -> 0 | CC61: =SUM(AL61:AW61) -> 8424 | CD61: =SUM(AX61:BI61) -> 20243 | CE61: =SUM(BJ61:BU61) -> 21186 | CF61: =SUM(BV61:BW61) -> 7572
A62: 荣威Ei5 | D62: 714 | E62: 1397 | F62: 2996 | G62: 4661 | H62: 2939 | I62: 3959 | J62: 2561 | K62: 2337 | L62: 1143 | M62: 3301 | N62: 2999 | O62: 2369 | P62: 3219 | Q62: 4003 | R62: 5488 | S62: 4377 | T62: 668 | U62: 197 | V62: 186 | W62: 837 | X62: 750 | Y62: 5457 | Z62: 3068 | AA62: 277 | AB62: 804 | AC62: 450 | AD62: 1085 | AE62: 168 | AF62: 410 | AG62: 23 | AH62: 51 | AI62: 1906 | AJ62: 1380 | AK62: 3895 | AL62: 1076 | AM62: 970 | AN62: 1844 | AO62: 1047 | AP62: 1795 | AQ62: 3591 | AR62: 2458 | AS62: 2882 | AT62: 2069 | AU62: 2161 | AV62: 1314 | AW62: 2094 | AX62: 3353 | AY62: 2104 | AZ62: 3145 | BA62: 751 | BB62: 4747 | BC62: 1824 | BD62: 3000 | BE62: 3145 | BF62: 3537 | BG62: 3156 | BH62: 3039 | BI62: 4747 | BJ62: 87 | BK62: 681 | BL62: 1102 | BM62: 380 | BN62: 927 | BO62: 795 | BP62: 654 | BQ62: 1749 | BR62: 3402 | BS62: 1624 | BT62: 1584 | BU62: 2586 | BV62: 1314 | BW62: 2094 | BX62: =IF(ISERROR(BW62/BK62-1),"",BW62/BK62-1) -> 2.0748899 | BY62: =IF(ISERROR(BW62/BV62-1),"",BW62/BV62-1) -> 0.59360731 | BZ62: =SUM(B62:M62) -> 26008 | CA62: =SUM(N62:Y62) -> 30550 | CB62: =SUM(Z62:AK62) -> 13517 | CC62: =SUM(AL62:AW62) -> 23301 | CD62: =SUM(AX62:BI62) -> 36548 | CE62: =SUM(BJ62:BU62) -> 15571 | CF62: =SUM(BV62:BW62) -> 3408
A63: 威马E5 | AT63: 2370 | AU63: 3171 | AV63: 2794 | AW63: 2227 | AX63: 644 | AY63: 912 | AZ63: 2066 | BA63: 679 | BB63: 2044 | BC63: 3007 | BD63: 3141 | BE63: 3142 | BF63: 2498 | BG63: 501 | BH63: 146 | BI63: 0 | BJ63: 0 | BK63: 0 | BL63: 0 | BM63: 0 | BN63: 0 | BO63: 0 | BP63: 0 | BQ63: 0 | BR63: 0 | BS63: 0 | BT63: 0 | BU63: 0 | BV63: 2794 | BW63: 2227 | BX63: =IF(ISERROR(BW63/BK63-1),"",BW63/BK63-1) | BY63: =IF(ISERROR(BW63/BV63-1),"",BW63/BV63-1) -> -0.20293486 | BZ63: =SUM(B63:M63) -> 0 | CA63: =SUM(N63:Y63) -> 0 | CB63: =SUM(Z63:AK63) -> 0 | CC63: =SUM(AL63:AW63) -> 10562 | CD63: =SUM(AX63:BI63) -> 18780 | CE63: =SUM(BJ63:BU63) -> 0 | CF63: =SUM(BV63:BW63) -> 5021
A64: 蔚来ET7 | H64: 1331 | I64: 1296 | J64: 2079 | K64: 2060 | L64: 3349 | M64: 2698 | N64: 1803 | O64: 654 | P64: 1356 | Q64: 1508 | R64: 935 | S64: 434 | T64: 436 | U64: 460 | V64: 288 | W64: 139 | X64: 93 | Y64: 633 | Z64: 105 | AA64: 36 | AB64: 54 | AC64: 248 | AD64: 751 | AE64: 1263 | AF64: 923 | AG64: 1125 | AH64: 1482 | AI64: 1477 | AJ64: 1387 | AK64: 2009 | AL64: 1660 | AM64: 1327 | AN64: 1529 | AO64: 1523 | AP64: 1412 | AQ64: 1498 | AR64: 1702 | AS64: 1738 | AT64: 1978 | AU64: 218 | AV64: 2683 | AZ64: 163 | BA64: 693 | BB64: 1707 | BC64: 4349 | BD64: 2473 | BE64: 3131 | BF64: 2935 | BG64: 3069 | BH64: 3230 | BI64: 1424 | BJ64: 527 | BK64: 663 | BL64: 783 | BM64: 670 | BN64: 556 | BO64: 627 | BP64: 419 | BQ64: 635 | BR64: 280 | BS64: 484 | BT64: 281 | BU64: 480 | BV64: 0 | BW64: 0 | BX64: =IF(ISERROR(BW64/BK64-1),"",BW64/BK64-1) -> -1 | BY64: =IF(ISERROR(BW64/BV64-1),"",BW64/BV64-1) | BZ64: =SUM(B64:M64) -> 12813 | CA64: =SUM(N64:Y64) -> 8739 | CB64: =SUM(Z64:AK64) -> 10860 | CC64: =SUM(AL64:AW64) -> 17268 | CD64: =SUM(AX64:BI64) -> 23174 | CE64: =SUM(BJ64:BU64) -> 6405 | CF64: =SUM(BV64:BW64) -> 0
A65: 奥迪e-tron | M65: 170 | N65: 430 | O65: 389 | P65: 1798 | Q65: 1203 | R65: 2315 | S65: 2419 | T65: 2647 | U65: 1991 | V65: 2070 | W65: 2213 | X65: 2029 | Y65: 4957 | Z65: 2998 | AA65: 3123 | AB65: 4060 | AC65: 1688 | AD65: 2063 | AE65: 2688 | AF65: 4296 | AG65: 4088 | AH65: 4282 | AI65: 4054 | AJ65: 4123 | AK65: 6303 | AL65: 3273 | AM65: 3342 | AN65: 6256 | AO65: 4687 | AP65: 3639 | AQ65: 3198 | AR65: 2264 | AS65: 2779 | AT65: 3980 | AU65: 3552 | AV65: 3583 | AW65: 4800 | AX65: 2884 | AY65: 2552 | AZ65: 4275 | BA65: 3842 | BB65: 4581 | BC65: 4758 | BD65: 4049 | BE65: 3127 | BF65: 3568 | BG65: 3419 | BH65: 4076 | BI65: 11 | BJ65: 2647 | BK65: 2662 | BL65: 3247 | BM65: 2088 | BN65: 2368 | BO65: 1530 | BP65: 1602 | BQ65: 1023 | BR65: 1904 | BS65: 1545 | BT65: 2519 | BU65: 1412 | BV65: 3583 | BW65: 4800 | BX65: =IF(ISERROR(BW65/BK65-1),"",BW65/BK65-1) -> 0.80315552 | BY65: =IF(ISERROR(BW65/BV65-1),"",BW65/BV65-1) -> 0.3396595 | BZ65: =SUM(B65:M65) -> 170 | CA65: =SUM(N65:Y65) -> 24461 | CB65: =SUM(Z65:AK65) -> 43766 | CC65: =SUM(AL65:AW65) -> 45353 | CD65: =SUM(AX65:BI65) -> 41142 | CE65: =SUM(BJ65:BU65) -> 24547 | CF65: =SUM(BV65:BW65) -> 8383
A66: Model S | B66: 1481 | C66: 1928 | D66: 6329 | E66: 1919 | F66: 2495 | G66: 3253 | H66: 1822 | I66: 2912 | J66: 6900 | K66: 2101 | L66: 3644 | M66: 6585 | N66: 1300 | O66: 1357 | P66: 2284 | Q66: 1667 | R66: 1912 | S66: 3560 | T66: 1581 | U66: 2038 | V66: 2949 | W66: 727 | X66: 1945 | Y66: 3228 | Z66: 2261 | AA66: 1966 | AB66: 2529 | AC66: 1047 | AD66: 1113 | AE66: 1734 | AF66: 926 | AG66: 828 | AH66: 2841 | AI66: 625 | AJ66: 834 | AK66: 2232 | AL66: 505 | AM66: 2836 | AN66: 274 | AO66: 150 | AP66: 1756 | AQ66: 185 | AR66: 837 | AS66: 1050 | AT66: 1081 | AU66: 4561 | AV66: 4052 | AW66: 1035 | AX66: 2524 | AY66: 4034 | AZ66: 3081 | BA66: 2052 | BB66: 4062 | BC66: 2602 | BD66: 2565 | BE66: 3087 | BF66: 3147 | BG66: 3063 | BH66: 2696 | BI66: 4990 | BJ66: 1990 | BK66: 1919 | BL66: 2661 | BM66: 1877 | BN66: 2419 | BO66: 2566 | BP66: 1954 | BQ66: 2061 | BR66: 1792 | BS66: 1336 | BT66: 1488 | BU66: 1863 | BV66: 4052 | BW66: 1653 | BX66: =IF(ISERROR(BW66/BK66-1),"",BW66/BK66-1) -> -0.13861386 | BY66: =IF(ISERROR(BW66/BV66-1),"",BW66/BV66-1) -> -0.59205331 | BZ66: =SUM(B66:M66) -> 41369 | CA66: =SUM(N66:Y66) -> 24548 | CB66: =SUM(Z66:AK66) -> 18936 | CC66: =SUM(AL66:AW66) -> 18322 | CD66: =SUM(AX66:BI66) -> 37903 | CE66: =SUM(BJ66:BU66) -> 23926 | CF66: =SUM(BV66:BW66) -> 5705
A67: 力帆枫叶80V | AT67: 200 | AU67: 523 | AV67: 1153 | AW67: 1557 | AZ67: 322 | BA67: 1414 | BB67: 1862 | BC67: 1310 | BD67: 1969 | BE67: 2940 | BF67: 2047 | BG67: 3648 | BH67: 2637 | BI67: 3288 | BJ67: 553 | BK67: 365 | BL67: 0 | BM67: 0 | BN67: 0 | BO67: 0 | BP67: 0 | BQ67: 0 | BR67: 0 | BS67: 0 | BT67: 0 | BU67: 0 | BV67: 1153 | BW67: 1557 | BX67: =IF(ISERROR(BW67/BK67-1),"",BW67/BK67-1) -> 3.2657534 | BY67: =IF(ISERROR(BW67/BV67-1),"",BW67/BV67-1) -> 0.35039029 | BZ67: =SUM(B67:M67) -> 0 | CA67: =SUM(N67:Y67) -> 0 | CB67: =SUM(Z67:AK67) -> 0 | CC67: =SUM(AL67:AW67) -> 3433 | CD67: =SUM(AX67:BI67) -> 21437 | CE67: =SUM(BJ67:BU67) -> 918 | CF67: =SUM(BV67:BW67) -> 2710
A68: 比亚迪唐EV | P68: 1594 | Q68: 1651 | R68: 1061 | S68: 759 | T68: 570 | U68: 550 | V68: 203 | W68: 317 | X68: 104 | Y68: 122 | Z68: 44 | AA68: 15 | AB68: 205 | AC68: 221 | AD68: 231 | AE68: 258 | AF68: 289 | AG68: 110 | AH68: 14 | AK68: 150 | AL68: 527 | AM68: 363 | AN68: 531 | AO68: 361 | AP68: 416 | AQ68: 329 | AR68: 784 | AS68: 807 | AT68: 432 | AU68: 100 | AV68: 112 | AW68: 300 | AX68: 309 | AY68: 490 | AZ68: 674 | BA68: 1415 | BB68: 1800 | BC68: 3337 | BD68: 3418 | BE68: 2850 | BF68: 2860 | BG68: 2997 | BH68: 3325 | BI68: 3364 | BJ68: 1197 | BK68: 1251 | BL68: 1326 | BM68: 660 | BN68: 664 | BO68: 734 | BP68: 319 | BQ68: 1474 | BR68: 1594 | BS68: 1817 | BT68: 1916 | BU68: 1334 | BV68: 112 | BW68: 300 | BX68: =IF(ISERROR(BW68/BK68-1),"",BW68/BK68-1) -> -0.76019185 | BY68: =IF(ISERROR(BW68/BV68-1),"",BW68/BV68-1) -> 1.6785714 | BZ68: =SUM(B68:M68) -> 0 | CA68: =SUM(N68:Y68) -> 6931 | CB68: =SUM(Z68:AK68) -> 1537 | CC68: =SUM(AL68:AW68) -> 5062 | CD68: =SUM(AX68:BI68) -> 26839 | CE68: =SUM(BJ68:BU68) -> 14286 | CF68: =SUM(BV68:BW68) -> 412
A69: Cupra EL-BORN | AH69: 1 | AJ69: 4 | AN69: 1 | AO69: 1 | AP69: 1 | AR69: 5 | AS69: 23 | AT69: 96 | AU69: 126 | AV69: 846 | AW69: 2311 | AX69: 773 | AY69: 436 | AZ69: 921 | BA69: 979 | BB69: 2329 | BC69: 2849 | BD69: 2987 | BE69: 2850 | BF69: 3477 | BG69: 2976 | BH69: 4170 | BI69: 7480 | BJ69: 1875 | BK69: 2370 | BL69: 3704 | BM69: 2851 | BN69: 3201 | BO69: 3625 | BP69: 3778 | BQ69: 5289 | BR69: 4286 | BS69: 4115 | BT69: 3868 | BU69: 5044 | BV69: 846 | BW69: 2311 | BX69: =IF(ISERROR(BW69/BK69-1),"",BW69/BK69-1) -> -0.024894515 | BY69: =IF(ISERROR(BW69/BV69-1),"",BW69/BV69-1) -> 1.7316785 | BZ69: =SUM(B69:M69) -> 0 | CA69: =SUM(N69:Y69) -> 0 | CB69: =SUM(Z69:AK69) -> 5 | CC69: =SUM(AL69:AW69) -> 3410 | CD69: =SUM(AX69:BI69) -> 32227 | CE69: =SUM(BJ69:BU69) -> 44006 | CF69: =SUM(BV69:BW69) -> 3157
A70: Kona EV | F70: 304 | G70: 1092 | H70: 1320 | I70: 1004 | J70: 1785 | K70: 2755 | L70: 3425 | M70: 2040 | N70: 2131 | O70: 1886 | P70: 4056 | Q70: 3661 | R70: 3649 | S70: 3327 | T70: 3324 | U70: 2912 | V70: 2946 | W70: 2968 | X70: 2807 | Y70: 3029 | Z70: 2276 | AA70: 2661 | AB70: 3042 | AC70: 2028 | AD70: 2454 | AE70: 3547 | AF70: 5473 | AG70: 4738 | AH70: 6700 | AI70: 5687 | AJ70: 5073 | AK70: 9955 | AL70: 2583 | AM70: 3163 | AN70: 7030 | AO70: 4506 | AP70: 4516 | AQ70: 5247 | AR70: 3887 | AS70: 3252 | AT70: 5141 | AU70: 3960 | AV70: 3935 | AW70: 3654 | AX70: 3108 | AY70: 3176 | AZ70: 4552 | BA70: 3306 | BB70: 3417 | BC70: 4047 | BD70: 3864 | BE70: 2795 | BF70: 4098 | BG70: 3737 | BH70: 4069 | BI70: 5756 | BJ70: 2123 | BK70: 2834 | BL70: 4476 | BM70: 3787 | BN70: 4030 | BO70: 5725 | BP70: 3975 | BQ70: 6071 | BR70: 3733 | BS70: 3013 | BT70: 3060 | BU70: 3599 | BV70: 3935 | BW70: 3654 | BX70: =IF(ISERROR(BW70/BK70-1),"",BW70/BK70-1) -> 0.28934368 | BY70: =IF(ISERROR(BW70/BV70-1),"",BW70/BV70-1) -> -0.071410419 | BZ70: =SUM(B70:M70) -> 13725 | CA70: =SUM(N70:Y70) -> 36696 | CB70: =SUM(Z70:AK70) -> 53634 | CC70: =SUM(AL70:AW70) -> 50874 | CD70: =SUM(AX70:BI70) -> 45925 | CE70: =SUM(BJ70:BU70) -> 46426 | CF70: =SUM(BV70:BW70) -> 7589
A71: 标致208 | W71: 50 | Z71: 3773 | AA71: 3563 | AB71: 1428 | AC71: 558 | AD71: 1202 | AE71: 2828 | AF71: 2436 | AG71: 1869 | AH71: 3143 | AI71: 4029 | AJ71: 2943 | AK71: 3005 | AL71: 2695 | AM71: 2955 | AN71: 4087 | AO71: 3509 | AP71: 2864 | AQ71: 3834 | AR71: 2411 | AS71: 2040 | AT71: 4149 | AU71: 3981 | AV71: 4299 | AW71: 4224 | AX71: 2660 | AY71: 2122 | AZ71: 4291 | BA71: 3452 | BB71: 4046 | BC71: 5520 | BD71: 3306 | BE71: 2752 | BF71: 4381 | BG71: 4688 | BH71: 4150 | BI71: 4062 | BJ71: 2438 | BK71: 3911 | BL71: 6127 | BM71: 3709 | BN71: 3978 | BO71: 4653 | BP71: 2383 | BQ71: 3810 | BR71: 6962 | BS71: 2733 | BT71: 2386 | BU71: 2167 | BV71: 4299 | BW71: 4224 | BX71: =IF(ISERROR(BW71/BK71-1),"",BW71/BK71-1) -> 0.080030683 | BY71: =IF(ISERROR(BW71/BV71-1),"",BW71/BV71-1) -> -0.017445918 | BZ71: =SUM(B71:M71) -> 0 | CA71: =SUM(N71:Y71) -> 50 | CB71: =SUM(Z71:AK71) -> 30777 | CC71: =SUM(AL71:AW71) -> 41048 | CD71: =SUM(AX71:BI71) -> 45430 | CE71: =SUM(BJ71:BU71) -> 45257 | CF71: =SUM(BV71:BW71) -> 8523
A72: 小鹏P5 | AT72: 244 | AU72: 437 | AV72: 2154 | AW72: 5030 | AX72: 4029 | AY72: 2059 | AZ72: 4398 | BA72: 3569 | BB72: 3691 | BC72: 5600 | BD72: 3608 | BE72: 2680 | BF72: 2417 | BG72: 1665 | BH72: 1453 | BI72: 2827 | BJ72: 1390 | BK72: 1890 | BL72: 2241 | BM72: 1654 | BN72: 1704 | BO72: 1721 | BP72: 980 | BQ72: 1285 | BR72: 826 | BS72: 2055 | BT72: 2523 | BU72: 1852 | BV72: 2154 | BW72: 5030 | BX72: =IF(ISERROR(BW72/BK72-1),"",BW72/BK72-1) -> 1.6613757 | BY72: =IF(ISERROR(BW72/BV72-1),"",BW72/BV72-1) -> 1.3351903 | BZ72: =SUM(B72:M72) -> 0 | CA72: =SUM(N72:Y72) -> 0 | CB72: =SUM(Z72:AK72) -> 0 | CC72: =SUM(AL72:AW72) -> 7865 | CD72: =SUM(AX72:BI72) -> 37996 | CE72: =SUM(BJ72:BU72) -> 20121 | CF72: =SUM(BV72:BW72) -> 7184
A73: 极星2 | AE73: 38 | AF73: 105 | AG73: 1145 | AH73: 2442 | AI73: 1563 | AJ73: 1338 | AK73: 3126 | AL73: 1306 | AM73: 1175 | AN73: 1477 | AO73: 1515 | AP73: 1216 | AQ73: 1371 | AR73: 982 | AS73: 1306 | AT73: 1888 | AU73: 3017 | AV73: 2889 | AW73: 3594 | AX73: 1679 | AY73: 2501 | AZ73: 4140 | BA73: 3858 | BB73: 3548 | BC73: 2882 | BD73: 2295 | BE73: 2555 | BF73: 3984 | BG73: 5198 | BH73: 6191 | BI73: 6642 | BJ73: 2863 | BK73: 3341 | BL73: 4907 | BM73: 3792 | BN73: 4989 | BO73: 5422 | BP73: 5494 | BQ73: 5156 | BR73: 4789 | BS73: 3571 | BT73: 3929 | BU73: 5028 | BV73: 2889 | BW73: 3594 | BX73: =IF(ISERROR(BW73/BK73-1),"",BW73/BK73-1) -> 0.075725831 | BY73: =IF(ISERROR(BW73/BV73-1),"",BW73/BV73-1) -> 0.24402908 | BZ73: =SUM(B73:M73) -> 0 | CA73: =SUM(N73:Y73) -> 0 | CB73: =SUM(Z73:AK73) -> 9757 | CC73: =SUM(AL73:AW73) -> 21736 | CD73: =SUM(AX73:BI73) -> 45473 | CE73: =SUM(BJ73:BU73) -> 53281 | CF73: =SUM(BV73:BW73) -> 6483
A74: BMW i4 | AV74: 76 | AW74: 188 | AX74: 142 | AY74: 265 | AZ74: 1323 | BA74: 1125 | BB74: 1759 | BC74: 2074 | BD74: 1539 | BE74: 2530 | BF74: 3080 | BG74: 4609 | BH74: 6282 | BI74: 7881 | BJ74: 3014 | BK74: 2731 | BL74: 5390 | BM74: 4453 | BN74: 6922 | BO74: 6563 | BP74: 5419 | BQ74: 5964 | BR74: 5653 | BS74: 6153 | BT74: 8054 | BU74: 9916 | BV74: 76 | BW74: 188 | BX74: =IF(ISERROR(BW74/BK74-1),"",BW74/BK74-1) -> -0.93116075 | BY74: =IF(ISERROR(BW74/BV74-1),"",BW74/BV74-1) -> 1.4736842 | BZ74: =SUM(B74:M74) -> 0 | CA74: =SUM(N74:Y74) -> 0 | CB74: =SUM(Z74:AK74) -> 0 | CC74: =SUM(AL74:AW74) -> 264 | CD74: =SUM(AX74:BI74) -> 32609 | CE74: =SUM(BJ74:BU74) -> 70232 | CF74: =SUM(BV74:BW74) -> 264
A75: 福特F-Series | AX75: 63 | AY75: 43 | AZ75: 148 | BA75: 4 | BB75: 201 | BC75: 1837 | BD75: 2173 | BE75: 2373 | BF75: 1918 | BG75: 2436 | BH75: 2062 | BI75: 2359 | BJ75: 2264 | BK75: 1336 | BL75: 691 | BM75: 1335 | BN75: 1707 | BO75: 1424 | BP75: 1552 | BQ75: 1018 | BR75: 933 | BS75: 3712 | BT75: 4398 | BU75: 3800 | BV75: 0 | BW75: 0 | BX75: =IF(ISERROR(BW75/BK75-1),"",BW75/BK75-1) -> -1 | BY75: =IF(ISERROR(BW75/BV75-1),"",BW75/BV75-1) | BZ75: =SUM(B75:M75) -> 0 | CA75: =SUM(N75:Y75) -> 0 | CB75: =SUM(Z75:AK75) -> 0 | CC75: =SUM(AL75:AW75) -> 0 | CD75: =SUM(AX75:BI75) -> 15617 | CE75: =SUM(BJ75:BU75) -> 24170 | CF75: =SUM(BV75:BW75) -> 0
A76: 雷诺Megane | AV76: 9 | AW76: 36 | AX76: 41 | AY76: 32 | AZ76: 86 | BA76: 155 | BB76: 788 | BC76: 2857 | BD76: 3100 | BE76: 2346 | BF76: 4193 | BG76: 4311 | BH76: 4915 | BI76: 7361 | BJ76: 2454 | BK76: 2645 | BL76: 4846 | BM76: 3134 | BN76: 3153 | BO76: 4619 | BP76: 3018 | BQ76: 4395 | BR76: 3126 | BS76: 4301 | BT76: 4012 | BU76: 3857 | BV76: 9 | BW76: 36 | BX76: =IF(ISERROR(BW76/BK76-1),"",BW76/BK76-1) -> -0.98638941 | BY76: =IF(ISERROR(BW76/BV76-1),"",BW76/BV76-1) -> 3 | BZ76: =SUM(B76:M76) -> 0 | CA76: =SUM(N76:Y76) -> 0 | CB76: =SUM(Z76:AK76) -> 0 | CC76: =SUM(AL76:AW76) -> 45 | CD76: =SUM(AX76:BI76) -> 30185 | CE76: =SUM(BJ76:BU76) -> 43560 | CF76: =SUM(BV76:BW76) -> 45
A77: Mini | Z77: 63 | AA77: 115 | AB77: 297 | AC77: 198 | AD77: 469 | AE77: 433 | AF77: 562 | AG77: 551 | AH77: 605 | AI77: 903 | AJ77: 744 | AK77: 605 | AL77: 365 | AM77: 318 | AN77: 779 | AO77: 497 | AP77: 428 | AQ77: 680 | AR77: 720 | AS77: 835 | AT77: 573 | AU77: 888 | AV77: 1117 | AW77: 2972 | AX77: 979 | AY77: 946 | AZ77: 1076 | BA77: 1535 | BB77: 2898 | BC77: 2349 | BD77: 1677 | BE77: 2324 | BF77: 3114 | BG77: 3376 | BH77: 3588 | BI77: 2309 | BJ77: 1318 | BK77: 2089 | BL77: 2378 | BM77: 1898 | BN77: 2789 | BO77: 3203 | BP77: 2078 | BQ77: 2855 | BR77: 2687 | BS77: 2775 | BT77: 3488 | BU77: 4793 | BV77: 2332 | BW77: 4178 | BX77: =IF(ISERROR(BW77/BK77-1),"",BW77/BK77-1) -> 1 | BY77: =IF(ISERROR(BW77/BV77-1),"",BW77/BV77-1) -> 0.7915952 | BZ77: =SUM(B77:M77) -> 0 | CA77: =SUM(N77:Y77) -> 0 | CB77: =SUM(Z77:AK77) -> 5545 | CC77: =SUM(AL77:AW77) -> 10172 | CD77: =SUM(AX77:BI77) -> 26171 | CE77: =SUM(BJ77:BU77) -> 32351 | CF77: =SUM(BV77:BW77) -> 6510
A78: 风行景逸S50 | F78: 17 | G78: 52 | H78: 38 | I78: 363 | J78: 834 | K78: 425 | L78: 489 | M78: 590 | N78: 955 | O78: 9 | P78: 60 | Q78: 419 | R78: 415 | S78: 1060 | T78: 23 | U78: 127 | V78: 102 | W78: 106 | X78: 7 | Y78: 1951 | Z78: 9 | AB78: 55 | AC78: 21 | AD78: 6 | AE78: 5 | AF78: 5 | AG78: 15 | AH78: 29 | AI78: 78 | AJ78: 489 | AK78: 690 | AL78: 73 | AM78: 17 | AN78: 47 | AO78: 76 | AP78: 429 | AQ78: 572 | AR78: 1272 | AS78: 1980 | AT78: 1834 | AU78: 1569 | AV78: 1898 | AW78: 1407 | AX78: 2254 | AY78: 1511 | AZ78: 2307 | BA78: 1862 | BB78: 806 | BC78: 2328 | BD78: 2253 | BE78: 2301 | BF78: 1201 | BG78: 1611 | BH78: 1657 | BI78: 2809 | BJ78: 571 | BK78: 102 | BL78: 115 | BM78: 254 | BN78: 303 | BO78: 605 | BP78: 255 | BQ78: 241 | BR78: 235 | BS78: 460 | BT78: 226 | BU78: 229 | BV78: 1898 | BW78: 1407 | BX78: =IF(ISERROR(BW78/BK78-1),"",BW78/BK78-1) -> 12.794118 | BY78: =IF(ISERROR(BW78/BV78-1),"",BW78/BV78-1) -> -0.25869336 | BZ78: =SUM(B78:M78) -> 2808 | CA78: =SUM(N78:Y78) -> 5234 | CB78: =SUM(Z78:AK78) -> 1402 | CC78: =SUM(AL78:AW78) -> 11174 | CD78: =SUM(AX78:BI78) -> 22900 | CE78: =SUM(BJ78:BU78) -> 3596 | CF78: =SUM(BV78:BW78) -> 3305
A79: 标致2008 | Z79: 52 | AA79: 85 | AB79: 83 | AC79: 18 | AD79: 151 | AE79: 552 | AF79: 550 | AG79: 1186 | AH79: 1457 | AI79: 1418 | AJ79: 1525 | AK79: 1688 | AL79: 1808 | AM79: 1909 | AN79: 2466 | AO79: 2081 | AP79: 1781 | AQ79: 2370 | AR79: 1853 | AS79: 1388 | AT79: 2397 | AU79: 2501 | AV79: 2403 | AW79: 2717 | AX79: 2297 | AY79: 1920 | AZ79: 2433 | BA79: 1741 | BB79: 1829 | BC79: 2288 | BD79: 2445 | BE79: 2202 | BF79: 2740 | BG79: 2098 | BH79: 1963 | BI79: 3306 | BJ79: 1782 | BK79: 1781 | BL79: 2935 | BM79: 1695 | BN79: 2364 | BO79: 2553 | BP79: 1409 | BQ79: 2325 | BR79: 1594 | BS79: 1314 | BT79: 782 | BU79: 859 | BV79: 2403 | BW79: 2717 | BX79: =IF(ISERROR(BW79/BK79-1),"",BW79/BK79-1) -> 0.52554745 | BY79: =IF(ISERROR(BW79/BV79-1),"",BW79/BV79-1) -> 0.13067 | BZ79: =SUM(B79:M79) -> 0 | CA79: =SUM(N79:Y79) -> 0 | CB79: =SUM(Z79:AK79) -> 8765 | CC79: =SUM(AL79:AW79) -> 25674 | CD79: =SUM(AX79:BI79) -> 27262 | CE79: =SUM(BJ79:BU79) -> 21393 | CF79: =SUM(BV79:BW79) -> 5120
A80: 奔驰EQE | AZ80: 41 | BA80: 623 | BB80: 1108 | BC80: 964 | BD80: 726 | BE80: 2166 | BF80: 2466 | BG80: 1879 | BH80: 1578 | BI80: 2305 | BJ80: 1262 | BK80: 1763 | BL80: 2922 | BM80: 2646 | BN80: 3687 | BO80: 3535 | BP80: 2915 | BQ80: 3574 | BR80: 3874 | BS80: 3472 | BT80: 4231 | BU80: 3836 | BV80: 0 | BW80: 0 | BX80: =IF(ISERROR(BW80/BK80-1),"",BW80/BK80-1) -> -1 | BY80: =IF(ISERROR(BW80/BV80-1),"",BW80/BV80-1) | BZ80: =SUM(B80:M80) -> 0 | CA80: =SUM(N80:Y80) -> 0 | CB80: =SUM(Z80:AK80) -> 0 | CC80: =SUM(AL80:AW80) -> 0 | CD80: =SUM(AX80:BI80) -> 13856 | CE80: =SUM(BJ80:BU80) -> 37717 | CF80: =SUM(BV80:BW80) -> 0
A81: Model X | B81: 1024 | C81: 1325 | D81: 4610 | E81: 1621 | F81: 2460 | G81: 3293 | H81: 1793 | I81: 2776 | J81: 5464 | K81: 1725 | L81: 3887 | M81: 6991 | N81: 1458 | O81: 1526 | P81: 2573 | Q81: 1262 | R81: 2040 | S81: 4304 | T81: 1665 | U81: 2604 | V81: 3386 | W81: 825 | X81: 2439 | Y81: 3763 | Z81: 1690 | AA81: 1505 | AB81: 2259 | AC81: 630 | AD81: 1032 | AE81: 1565 | AF81: 688 | AG81: 629 | AH81: 2158 | AI81: 480 | AJ81: 635 | AK81: 2042 | AL81: 446 | AM81: 3774 | AN81: 389 | AO81: 210 | AP81: 2429 | AQ81: 348 | AR81: 610 | AS81: 1119 | AT81: 1430 | AU81: 4766 | AV81: 5257 | AW81: 3008 | AX81: 2017 | AY81: 1508 | AZ81: 2292 | BA81: 2132 | BB81: 2338 | BC81: 2141 | BD81: 2336 | BE81: 2147 | BF81: 2144 | BG81: 2327 | BH81: 2177 | BI81: 3892 | BJ81: 2305 | BK81: 2331 | BL81: 2848 | BM81: 2609 | BN81: 2933 | BO81: 3400 | BP81: 2661 | BQ81: 2788 | BR81: 1615 | BS81: 1904 | BT81: 2130 | BU81: 2637 | BV81: 5257 | BW81: 3008 | BX81: =IF(ISERROR(BW81/BK81-1),"",BW81/BK81-1) -> 0.29043329 | BY81: =IF(ISERROR(BW81/BV81-1),"",BW81/BV81-1) -> -0.42781054 | BZ81: =SUM(B81:M81) -> 36969 | CA81: =SUM(N81:Y81) -> 27845 | CB81: =SUM(Z81:AK81) -> 15313 | CC81: =SUM(AL81:AW81) -> 23786 | CD81: =SUM(AX81:BI81) -> 27451 | CE81: =SUM(BJ81:BU81) -> 30161 | CF81: =SUM(BV81:BW81) -> 8265
A82: 凌宝BOX | AJ82: 275 | AK82: 343 | AL82: 537 | AM82: 300 | AN82: 566 | AO82: 1008 | AP82: 1021 | AQ82: 1036 | AR82: 2561 | AS82: 2749 | AT82: 2978 | AU82: 3686 | AV82: 4235 | AW82: 4300 | AX82: 3266 | AY82: 2850 | AZ82: 3100 | BA82: 2606 | BB82: 2949 | BC82: 2806 | BD82: 2234 | BE82: 2128 | BF82: 2208 | BG82: 2183 | BH82: 1890 | BI82: 1836 | BJ82: 1045 | BK82: 1124 | BL82: 702 | BM82: 902 | BN82: 976 | BO82: 637 | BP82: 659 | BQ82: 547 | BR82: 639 | BS82: 687 | BT82: 768 | BU82: 763 | BV82: 4235 | BW82: 4300 | BX82: =IF(ISERROR(BW82/BK82-1),"",BW82/BK82-1) -> 2.8256228 | BY82: =IF(ISERROR(BW82/BV82-1),"",BW82/BV82-1) -> 0.015348288 | BZ82: =SUM(B82:M82) -> 0 | CA82: =SUM(N82:Y82) -> 0 | CB82: =SUM(Z82:AK82) -> 618 | CC82: =SUM(AL82:AW82) -> 24977 | CD82: =SUM(AX82:BI82) -> 30056 | CE82: =SUM(BJ82:BU82) -> 9449 | CF82: =SUM(BV82:BW82) -> 8535
A83: 欧宝Mokka | AK83: 18 | AL83: 38 | AM83: 51 | AN83: 985 | AO83: 636 | AP83: 951 | AQ83: 1164 | AR83: 1692 | AS83: 1051 | AT83: 1767 | AU83: 1723 | AV83: 1707 | AW83: 2272 | AX83: 1873 | AY83: 1469 | AZ83: 2021 | BA83: 684 | BB83: 925 | BC83: 2540 | BD83: 2244 | BE83: 2122 | BF83: 2509 | BG83: 3254 | BH83: 3320 | BI83: 4041 | BJ83: 919 | BK83: 1527 | BL83: 2443 | BM83: 1977 | BN83: 2801 | BO83: 3232 | BP83: 1766 | BQ83: 3402 | BR83: 2389 | BS83: 2072 | BT83: 1114 | BU83: 1916 | BV83: 1707 | BW83: 2272 | BX83: =IF(ISERROR(BW83/BK83-1),"",BW83/BK83-1) -> 0.48788474 | BY83: =IF(ISERROR(BW83/BV83-1),"",BW83/BV83-1) -> 0.33099004 | BZ83: =SUM(B83:M83) -> 0 | CA83: =SUM(N83:Y83) -> 0 | CB83: =SUM(Z83:AK83) -> 18 | CC83: =SUM(AL83:AW83) -> 14037 | CD83: =SUM(AX83:BI83) -> 27002 | CE83: =SUM(BJ83:BU83) -> 25558 | CF83: =SUM(BV83:BW83) -> 3979
A84: Porter | Z84: 315 | AA84: 959 | AB84: 765 | AC84: 645 | AD84: 518 | AE84: 250 | AF84: 413 | AG84: 604 | AH84: 1813 | AI84: 1341 | AJ84: 962 | AK84: 452 | AL84: 56 | AM84: 1895 | AN84: 2462 | AO84: 1575 | AP84: 1012 | AQ84: 1554 | AR84: 1408 | AS84: 1207 | AT84: 657 | AU84: 1316 | AV84: 1519 | AW84: 1144 | AX84: 41 | AY84: 2957 | AZ84: 1009 | BA84: 1819 | BB84: 2245 | BC84: 1969 | BD84: 2224 | BE84: 2110 | BF84: 2089 | BG84: 2473 | BH84: 1336 | BI84: 146 | BJ84: 13 | BK84: 4872 | BL84: 2860 | BM84: 2885 | BN84: 2347 | BO84: 2505 | BP84: 3260 | BQ84: 1371 | BR84: 1340 | BS84: 2407 | BT84: 1406 | BU84: 395 | BV84: 1519 | BW84: 1144 | BX84: =IF(ISERROR(BW84/BK84-1),"",BW84/BK84-1) -> -0.76518883 | BY84: =IF(ISERROR(BW84/BV84-1),"",BW84/BV84-1) -> -0.24687294 | BZ84: =SUM(B84:M84) -> 0 | CA84: =SUM(N84:Y84) -> 0 | CB84: =SUM(Z84:AK84) -> 9037 | CC84: =SUM(AL84:AW84) -> 15805 | CD84: =SUM(AX84:BI84) -> 20418 | CE84: =SUM(BJ84:BU84) -> 25661 | CF84: =SUM(BV84:BW84) -> 2663
A85: 雪佛兰Bolt | B85: 1364 | C85: 1609 | D85: 2186 | E85: 1490 | F85: 2586 | G85: 3306 | H85: 2054 | I85: 2085 | J85: 1914 | K85: 1949 | L85: 2315 | M85: 2648 | N85: 1125 | O85: 1196 | P85: 3081 | Q85: 1449 | R85: 2774 | S85: 2070 | T85: 1951 | U85: 2221 | V85: 2502 | W85: 2166 | X85: 2195 | Y85: 1814 | Z85: 3591 | AA85: 2493 | AB85: 1587 | AC85: 1070 | AD85: 1232 | AE85: 1451 | AF85: 1606 | AG85: 1699 | AH85: 3672 | AI85: 3064 | AJ85: 2313 | AK85: 2735 | AL85: 2022 | AM85: 2689 | AN85: 6129 | AO85: 4920 | AP85: 5139 | AQ85: 3272 | AR85: 1927 | AS85: 679 | AT85: 34 | AU85: 2 | AV85: 9 | AW85: 6 | AX85: 8 | AY85: 15 | AZ85: 110 | BA85: 510 | BB85: 990 | BC85: 1488 | BD85: 1199 | BE85: 2092 | BF85: 1941 | BG85: 2166 | BH85: 1646 | BI85: 2481 | BJ85: 2760 | BK85: 2356 | BL85: 2522 | BM85: 1950 | BN85: 1971 | BO85: 2329 | BP85: 2293 | BQ85: 2901 | BR85: 2675 | BS85: 2014 | BT85: 1269 | BU85: 1215 | BV85: 9 | BW85: 6 | BX85: =IF(ISERROR(BW85/BK85-1),"",BW85/BK85-1) -> -0.99745331 | BY85: =IF(ISERROR(BW85/BV85-1),"",BW85/BV85-1) -> -0.33333333 | BZ85: =SUM(B85:M85) -> 25506 | CA85: =SUM(N85:Y85) -> 24544 | CB85: =SUM(Z85:AK85) -> 26513 | CC85: =SUM(AL85:AW85) -> 26828 | CD85: =SUM(AX85:BI85) -> 14646 | CE85: =SUM(BJ85:BU85) -> 26255 | CF85: =SUM(BV85:BW85) -> 15
A86: 大众ID.5 | AZ86: 319 | BA86: 76 | BB86: 763 | BC86: 1501 | BD86: 1273 | BE86: 2080 | BF86: 2454 | BG86: 2431 | BH86: 3515 | BI86: 7573 | BJ86: 1544 | BK86: 1941 | BL86: 3093 | BM86: 2626 | BN86: 3362 | BO86: 4625 | BP86: 3332 | BQ86: 3562 | BR86: 2482 | BS86: 1574 | BT86: 1947 | BU86: 2868 | BV86: 0 | BW86: 0 | BX86: =IF(ISERROR(BW86/BK86-1),"",BW86/BK86-1) -> -1 | BY86: =IF(ISERROR(BW86/BV86-1),"",BW86/BV86-1) | BZ86: =SUM(B86:M86) -> 0 | CA86: =SUM(N86:Y86) -> 0 | CB86: =SUM(Z86:AK86) -> 0 | CC86: =SUM(AL86:AW86) -> 0 | CD86: =SUM(AX86:BI86) -> 21985 | CE86: =SUM(BJ86:BU86) -> 32956 | CF86: =SUM(BV86:BW86) -> 0
A87: 宝马iX | BE87: 1989 | BF87: 3008 | BG87: 2943 | BH87: 4644 | BI87: 6546 | BJ87: 2205 | BK87: 1051 | BL87: 3752 | BM87: 2609 | BN87: 3159 | BO87: 3099 | BP87: 3650 | BQ87: 3951 | BR87: 3781 | BS87: 2075 | BT87: 3049 | BU87: 7073 | BV87: 0 | BW87: 0 | BX87: =IF(ISERROR(BW87/BK87-1),"",BW87/BK87-1) -> -1 | BY87: =IF(ISERROR(BW87/BV87-1),"",BW87/BV87-1) | BZ87: =SUM(B87:M87) -> 0 | CA87: =SUM(N87:Y87) -> 0 | CB87: =SUM(Z87:AK87) -> 0 | CC87: =SUM(AL87:AW87) -> 0 | CD87: =SUM(AX87:BI87) -> 19130 | CE87: =SUM(BJ87:BU87) -> 39454 | CF87: =SUM(BV87:BW87) -> 0
A88: 奔驰EQB | AT88: 25 | AU88: 11 | AV88: 242 | AW88: 407 | AX88: 974 | AY88: 1045 | AZ88: 1570 | BA88: 802 | BB88: 1783 | BC88: 2335 | BD88: 1825 | BE88: 1961 | BF88: 2848 | BG88: 2360 | BH88: 2248 | BI88: 2286 | BJ88: 1225 | BK88: 1832 | BL88: 3041 | BM88: 2477 | BN88: 3161 | BO88: 3470 | BP88: 3414 | BQ88: 3557 | BR88: 4451 | BS88: 3496 | BT88: 4742 | BU88: 5530 | BV88: 242 | BW88: 407 | BX88: =IF(ISERROR(BW88/BK88-1),"",BW88/BK88-1) -> -0.77783843 | BY88: =IF(ISERROR(BW88/BV88-1),"",BW88/BV88-1) -> 0.68181818 | BZ88: =SUM(B88:M88) -> 0 | CA88: =SUM(N88:Y88) -> 0 | CB88: =SUM(Z88:AK88) -> 0 | CC88: =SUM(AL88:AW88) -> 685 | CD88: =SUM(AX88:BI88) -> 22037 | CE88: =SUM(BJ88:BU88) -> 40396 | CF88: =SUM(BV88:BW88) -> 649
A89: 奔驰EQA | AK89: 37 | AL89: 13 | AM89: 23 | AN89: 736 | AO89: 1158 | AP89: 1145 | AQ89: 2147 | AR89: 2637 | AS89: 2013 | AT89: 2555 | AU89: 2597 | AV89: 3408 | AW89: 3630 | AX89: 2716 | AY89: 2016 | AZ89: 2424 | BA89: 1494 | BB89: 2427 | BC89: 2584 | BD89: 1457 | BE89: 1916 | BF89: 2398 | BG89: 2472 | BH89: 3016 | BI89: 3986 | BJ89: 1579 | BK89: 2061 | BL89: 4162 | BM89: 2981 | BN89: 4050 | BO89: 4150 | BP89: 4110 | BQ89: 4374 | BR89: 5242 | BS89: 3705 | BT89: 4300 | BU89: 3931 | BV89: 3408 | BW89: 3630 | BX89: =IF(ISERROR(BW89/BK89-1),"",BW89/BK89-1) -> 0.76128093 | BY89: =IF(ISERROR(BW89/BV89-1),"",BW89/BV89-1) -> 0.065140845 | BZ89: =SUM(B89:M89) -> 0 | CA89: =SUM(N89:Y89) -> 0 | CB89: =SUM(Z89:AK89) -> 37 | CC89: =SUM(AL89:AW89) -> 22062 | CD89: =SUM(AX89:BI89) -> 28906 | CE89: =SUM(BJ89:BU89) -> 44645 | CF89: =SUM(BV89:BW89) -> 7038
A90: 合创Z03 | AV90: 1029 | AW90: 1572 | AX90: 629 | AY90: 491 | AZ90: 1689 | BA90: 1018 | BB90: 1032 | BC90: 914 | BD90: 444 | BE90: 1899 | BF90: 2510 | BG90: 2339 | BH90: 2368 | BI90: 2486 | BJ90: 549 | BK90: 1048 | BL90: 3529 | BM90: 2786 | BN90: 1532 | BO90: 2660 | BP90: 1299 | BQ90: 1013 | BR90: 832 | BS90: 490 | BT90: 129 | BU90: 202 | BV90: 1029 | BW90: 1572 | BX90: =IF(ISERROR(BW90/BK90-1),"",BW90/BK90-1) -> 0.5 | BY90: =IF(ISERROR(BW90/BV90-1),"",BW90/BV90-1) -> 0.52769679 | BZ90: =SUM(B90:M90) -> 0 | CA90: =SUM(N90:Y90) -> 0 | CB90: =SUM(Z90:AK90) -> 0 | CC90: =SUM(AL90:AW90) -> 2601 | CD90: =SUM(AX90:BI90) -> 17819 | CE90: =SUM(BJ90:BU90) -> 16069 | CF90: =SUM(BV90:BW90) -> 2601
A91: 宝马i3 | B91: 2232 | C91: 2304 | D91: 3267 | E91: 2478 | F91: 2195 | G91: 2718 | H91: 2195 | I91: 2160 | J91: 2887 | K91: 2744 | L91: 2919 | M91: 2939 | N91: 2679 | O91: 2578 | P91: 4003 | Q91: 3263 | R91: 3223 | S91: 3098 | T91: 2688 | U91: 3147 | V91: 3711 | W91: 3145 | X91: 3549 | Y91: 3233 | Z91: 1906 | AA91: 1875 | AB91: 1881 | AC91: 835 | AD91: 923 | AE91: 1746 | AF91: 2163 | AG91: 1762 | AH91: 3240 | AI91: 3091 | AJ91: 2838 | AK91: 3213 | AL91: 1759 | AM91: 1666 | AN91: 2481 | AO91: 2167 | AP91: 2140 | AQ91: 2499 | AR91: 1788 | AS91: 1490 | AT91: 2507 | AU91: 2739 | AV91: 2154 | AW91: 3439 | AX91: 1709 | AY91: 2158 | AZ91: 3852 | BA91: 2508 | BB91: 1219 | BC91: 813 | BD91: 1934 | BE91: 1868 | BF91: 2335 | BJ91: 29 | BK91: 8 | BL91: 11 | BM91: 9 | BN91: 7 | BO91: 26 | BP91: 10 | BQ91: 12 | BR91: 24 | BS91: 20 | BT91: 15 | BU91: 24 | BV91: 2154 | BW91: 3439 | BX91: =IF(ISERROR(BW91/BK91-1),"",BW91/BK91-1) -> 428.875 | BY91: =IF(ISERROR(BW91/BV91-1),"",BW91/BV91-1) -> 0.59656453 | BZ91: =SUM(B91:M91) -> 31038 | CA91: =SUM(N91:Y91) -> 38317 | CB91: =SUM(Z91:AK91) -> 25473 | CC91: =SUM(AL91:AW91) -> 26829 | CD91: =SUM(AX91:BI91) -> 18396 | CE91: =SUM(BJ91:BU91) -> 195 | CF91: =SUM(BV91:BW91) -> 5593
A92: 悦虎 | AU92: 278 | AV92: 210 | AW92: 305 | AX92: 196 | AY92: 431 | AZ92: 520 | BA92: 566 | BB92: 639 | BC92: 1470 | BD92: 1476 | BE92: 1800 | BF92: 2398 | BG92: 2640 | BH92: 2650 | BI92: 1678 | BJ92: 925 | BK92: 1009 | BL92: 921 | BM92: 941 | BN92: 1321 | BO92: 1304 | BP92: 1396 | BQ92: 1601 | BR92: 1960 | BS92: 1985 | BT92: 1771 | BU92: 1856 | BV92: 210 | BW92: 305 | BX92: =IF(ISERROR(BW92/BK92-1),"",BW92/BK92-1) -> -0.69772052 | BY92: =IF(ISERROR(BW92/BV92-1),"",BW92/BV92-1) -> 0.45238095 | BZ92: =SUM(B92:M92) -> 0 | CA92: =SUM(N92:Y92) -> 0 | CB92: =SUM(Z92:AK92) -> 0 | CC92: =SUM(AL92:AW92) -> 793 | CD92: =SUM(AX92:BI92) -> 16464 | CE92: =SUM(BJ92:BU92) -> 16990 | CF92: =SUM(BV92:BW92) -> 515
A93: 荣威i6 MAX EV | AU93: 1272 | AV93: 940 | AW93: 1845 | AY93: 200 | AZ93: 1169 | BA93: 432 | BB93: 3491 | BC93: 1095 | BD93: 861 | BE93: 1796 | BF93: 445 | BG93: 1569 | BH93: 1583 | BI93: 265 | BJ93: 453 | BK93: 1117 | BL93: 2027 | BM93: 306 | BN93: 234 | BO93: 1235 | BP93: 2115 | BQ93: 5113 | BR93: 6055 | BS93: 873 | BT93: 540 | BU93: 0 | BV93: 0 | BW93: 0 | BX93: =IF(ISERROR(BW93/BK93-1),"",BW93/BK93-1) -> -1 | BY93: =IF(ISERROR(BW93/BV93-1),"",BW93/BV93-1) | BZ93: =SUM(B93:M93) -> 0 | CA93: =SUM(N93:Y93) -> 0 | CB93: =SUM(Z93:AK93) -> 0 | CC93: =SUM(AL93:AW93) -> 4057 | CD93: =SUM(AX93:BI93) -> 12906 | CE93: =SUM(BJ93:BU93) -> 20068 | CF93: =SUM(BV93:BW93) -> 0
A94: 比亚迪e2 | V94: 2078 | W94: 2151 | X94: 1524 | Y94: 1566 | Z94: 1028 | AA94: 305 | AB94: 1215 | AC94: 1322 | AD94: 1461 | AE94: 1517 | AF94: 1534 | AG94: 1557 | AH94: 2113 | AI94: 2598 | AJ94: 2670 | AK94: 2296 | AL94: 1055 | AM94: 479 | AN94: 1011 | AO94: 2973 | AP94: 3195 | AQ94: 3972 | AR94: 2939 | AS94: 3513 | AT94: 4129 | AU94: 4150 | AV94: 3349 | AW94: 3500 | AX94: 3540 | AY94: 682 | AZ94: 2737 | BA94: 1504 | BB94: 3854 | BC94: 3280 | BD94: 479 | BE94: 1783 | BF94: 91 | BH94: 0 | BI94: 0 | BJ94: 0 | BK94: 0 | BL94: 0 | BM94: 2095 | BN94: 4723 | BO94: 3572 | BP94: 2550 | BQ94: 1760 | BR94: 199 | BS94: 1007 | BT94: 1290 | BU94: 1936 | BV94: 3349 | BW94: 3500 | BX94: =IF(ISERROR(BW94/BK94-1),"",BW94/BK94-1) | BY94: =IF(ISERROR(BW94/BV94-1),"",BW94/BV94-1) -> 0.045088086 | BZ94: =SUM(B94:M94) -> 0 | CA94: =SUM(N94:Y94) -> 7319 | CB94: =SUM(Z94:AK94) -> 19616 | CC94: =SUM(AL94:AW94) -> 34265 | CD94: =SUM(AX94:BI94) -> 17950 | CE94: =SUM(BJ94:BU94) -> 19132 | CF94: =SUM(BV94:BW94) -> 6849
A95: 保时捷Taycan | V95: 2 | Y95: 31 | Z95: 351 | AA95: 553 | AB95: 591 | AC95: 424 | AD95: 576 | AE95: 1426 | AF95: 1781 | AG95: 1599 | AH95: 1924 | AI95: 1898 | AJ95: 2505 | AK95: 3050 | AL95: 1797 | AM95: 1404 | AN95: 2920 | AO95: 2485 | AP95: 2838 | AQ95: 2448 | AR95: 2100 | AS95: 1763 | AT95: 2077 | AU95: 2354 | AV95: 2836 | AW95: 3874 | AX95: 2664 | AY95: 1778 | AZ95: 3020 | BA95: 2114 | BB95: 2373 | BC95: 2594 | BD95: 2300 | BE95: 1781 | BF95: 1105 | BG95: 1287 | BH95: 3123 | BI95: 4262 | BJ95: 2924 | BK95: 1826 | BL95: 2425 | BM95: 1906 | BN95: 2105 | BO95: 3407 | BP95: 2933 | BQ95: 2377 | BR95: 2510 | BS95: 2731 | BT95: 3136 | BU95: 3630 | BV95: 2836 | BW95: 3874 | BX95: =IF(ISERROR(BW95/BK95-1),"",BW95/BK95-1) -> 1.1215772 | BY95: =IF(ISERROR(BW95/BV95-1),"",BW95/BV95-1) -> 0.36600846 | BZ95: =SUM(B95:M95) -> 0 | CA95: =SUM(N95:Y95) -> 33 | CB95: =SUM(Z95:AK95) -> 16678 | CC95: =SUM(AL95:AW95) -> 28896 | CD95: =SUM(AX95:BI95) -> 28401 | CE95: =SUM(BJ95:BU95) -> 31910 | CF95: =SUM(BV95:BW95) -> 6710
A96: 雷诺Zoe | B96: 1936 | C96: 2483 | D96: 4352 | E96: 2505 | F96: 2609 | G96: 3505 | H96: 1946 | I96: 2269 | J96: 3000 | K96: 4167 | L96: 5140 | M96: 5542 | N96: 3897 | O96: 3068 | P96: 4478 | Q96: 4118 | R96: 4302 | S96: 5254 | T96: 3959 | U96: 2990 | V96: 3655 | W96: 3534 | X96: 3230 | Y96: 4934 | Z96: 9755 | AA96: 6540 | AB96: 4393 | AC96: 2108 | AD96: 3855 | AE96: 10783 | AF96: 9477 | AG96: 6302 | AH96: 11266 | AI96: 9998 | AJ96: 10040 | AK96: 16586 | AL96: 3649 | AM96: 3824 | AN96: 5657 | AO96: 4538 | AP96: 6086 | AQ96: 8600 | AR96: 4233 | AS96: 4475 | AT96: 7267 | AU96: 6988 | AV96: 9306 | AW96: 11532 | AX96: 3627 | AY96: 3257 | AZ96: 4592 | BA96: 2986 | BB96: 3583 | BC96: 4914 | BD96: 2810 | BE96: 1748 | BF96: 3027 | BG96: 2396 | BH96: 2177 | BI96: 4272 | BJ96: 1453 | BK96: 1980 | BL96: 2250 | BM96: 1770 | BN96: 1737 | BO96: 1492 | BP96: 998 | BQ96: 1140 | BR96: 971 | BS96: 992 | BT96: 902 | BU96: 1643 | BV96: 9306 | BW96: 11532 | BX96: =IF(ISERROR(BW96/BK96-1),"",BW96/BK96-1) -> 4.8242424 | BY96: =IF(ISERROR(BW96/BV96-1),"",BW96/BV96-1) -> 0.23920052 | BZ96: =SUM(B96:M96) -> 39454 | CA96: =SUM(N96:Y96) -> 47419 | CB96: =SUM(Z96:AK96) -> 101103 | CC96: =SUM(AL96:AW96) -> 76155 | CD96: =SUM(AX96:BI96) -> 39389 | CE96: =SUM(BJ96:BU96) -> 17328 | CF96: =SUM(BV96:BW96) -> 20838
A97: 欧宝Corsa | Z97: 84 | AA97: 505 | AB97: 926 | AC97: 140 | AD97: 294 | AE97: 1156 | AF97: 834 | AG97: 1315 | AH97: 2075 | AI97: 2337 | AJ97: 2088 | AK97: 1977 | AL97: 1514 | AM97: 1342 | AN97: 1637 | AO97: 1734 | AP97: 1748 | AQ97: 2012 | AR97: 1375 | AS97: 984 | AT97: 1583 | AU97: 1615 | AV97: 1934 | AW97: 1811 | AX97: 1484 | AY97: 1250 | AZ97: 1256 | BA97: 1608 | BB97: 2711 | BC97: 2545 | BD97: 2034 | BE97: 1738 | BF97: 1225 | BG97: 1035 | BH97: 1461 | BI97: 4719 | BJ97: 825 | BK97: 1262 | BL97: 2076 | BM97: 1863 | BN97: 2879 | BO97: 2481 | BP97: 1541 | BQ97: 3903 | BR97: 3179 | BS97: 1629 | BT97: 2188 | BU97: 3132 | BV97: 1934 | BW97: 1811 | BX97: =IF(ISERROR(BW97/BK97-1),"",BW97/BK97-1) -> 0.43502377 | BY97: =IF(ISERROR(BW97/BV97-1),"",BW97/BV97-1) -> -0.063598759 | BZ97: =SUM(B97:M97) -> 0 | CA97: =SUM(N97:Y97) -> 0 | CB97: =SUM(Z97:AK97) -> 13731 | CC97: =SUM(AL97:AW97) -> 19289 | CD97: =SUM(AX97:BI97) -> 23066 | CE97: =SUM(BJ97:BU97) -> 26958 | CF97: =SUM(BV97:BW97) -> 3745
A98: 海豹 | BE98: 1726 | BF98: 7473 | BG98: 11267 | BH98: 15356 | BI98: 15378 | BJ98: 6618 | BK98: 7754 | BL98: 6000 | BM98: 6212 | BN98: 8079 | BO98: 8134 | BP98: 5659 | BQ98: 5714 | BR98: 7051 | BS98: 7356 | BT98: 8550 | BU98: 10726 | BV98: 0 | BW98: 0 | BX98: =IF(ISERROR(BW98/BK98-1),"",BW98/BK98-1) -> -1 | BY98: =IF(ISERROR(BW98/BV98-1),"",BW98/BV98-1) | BZ98: =SUM(B98:M98) -> 0 | CA98: =SUM(N98:Y98) -> 0 | CB98: =SUM(Z98:AK98) -> 0 | CC98: =SUM(AL98:AW98) -> 0 | CD98: =SUM(AX98:BI98) -> 51200 | CE98: =SUM(BJ98:BU98) -> 87853 | CF98: =SUM(BV98:BW98) -> 0
A99: 奔驰EQC | R99: 2 | S99: 52 | T99: 115 | U99: 57 | V99: 141 | W99: 129 | X99: 252 | Y99: 369 | Z99: 478 | AA99: 359 | AB99: 656 | AC99: 430 | AD99: 359 | AE99: 810 | AF99: 1902 | AG99: 1721 | AH99: 2079 | AI99: 2624 | AJ99: 3093 | AK99: 2695 | AL99: 1941 | AM99: 1198 | AN99: 2688 | AO99: 2613 | AP99: 2050 | AQ99: 1698 | AR99: 1729 | AS99: 1856 | AT99: 1407 | AU99: 2080 | AV99: 1786 | AW99: 2093 | AX99: 1869 | AY99: 1694 | AZ99: 2002 | BA99: 994 | BB99: 1089 | BC99: 996 | BD99: 949 | BE99: 1650 | BF99: 2393 | BG99: 1870 | BH99: 2167 | BI99: 3076 | BJ99: 952 | BK99: 402 | BL99: 1104 | BM99: 1252 | BN99: 832 | BO99: 992 | BP99: 708 | BQ99: 552 | BR99: 2884 | BS99: 769 | BT99: 935 | BU99: 1878 | BV99: 1786 | BW99: 2093 | BX99: =IF(ISERROR(BW99/BK99-1),"",BW99/BK99-1) -> 4.2064677 | BY99: =IF(ISERROR(BW99/BV99-1),"",BW99/BV99-1) -> 0.1718925 | BZ99: =SUM(B99:M99) -> 0 | CA99: =SUM(N99:Y99) -> 1117 | CB99: =SUM(Z99:AK99) -> 17206 | CC99: =SUM(AL99:AW99) -> 23139 | CD99: =SUM(AX99:BI99) -> 20749 | CE99: =SUM(BJ99:BU99) -> 13260 | CF99: =SUM(BV99:BW99) -> 3879
A100: 蔚来ES8 | S100: 658 | T100: 1066 | U100: 2336 | V100: 2190 | W100: 1880 | X100: 1407 | Y100: 2537 | Z100: 1493 | AA100: 671 | AB100: 1479 | AC100: 2907 | AD100: 2685 | AE100: 2476 | AF100: 2610 | AG100: 2840 | AH100: 3226 | AI100: 2695 | AJ100: 2386 | AK100: 2493 | AL100: 2720 | AM100: 2216 | AN100: 3152 | AO100: 3163 | AP100: 3017 | AQ100: 3755 | AR100: 3669 | AS100: 2342 | AT100: 5260 | AU100: 2528 | AV100: 4713 | AW100: 2782 | AX100: 1586 | AY100: 1175 | AZ100: 1825 | BA100: 1333 | BB100: 825 | BC100: 1791 | BD100: 1451 | BE100: 1648 | BF100: 1498 | BG100: 843 | BH100: 814 | BI100: 653 | BJ100: 187 | BK100: 396 | BL100: 379 | BM100: 462 | BN100: 307 | BO100: 642 | BP100: 1931 | BQ100: 2387 | BR100: 2179 | BS100: 2270 | BT100: 1705 | BU100: 1651 | BV100: 2683 | BW100: 2782 | BX100: =IF(ISERROR(BW100/BK100-1),"",BW100/BK100-1) -> 6.0252525 | BY100: =IF(ISERROR(BW100/BV100-1),"",BW100/BV100-1) -> 0.036898994 | BZ100: =SUM(B100:M100) -> 0 | CA100: =SUM(N100:Y100) -> 12074 | CB100: =SUM(Z100:AK100) -> 27961 | CC100: =SUM(AL100:AW100) -> 39317 | CD100: =SUM(AX100:BI100) -> 15442 | CE100: =SUM(BJ100:BU100) -> 14496 | CF100: =SUM(BV100:BW100) -> 5465
A101: 吉利帝豪EV | B101: 466 | C101: 581 | D101: 1527 | E101: 2726 | F101: 3608 | G101: 2433 | H101: 2500 | I101: 4647 | J101: 3193 | K101: 2471 | L101: 4508 | M101: 2808 | N101: 2578 | O101: 3892 | P101: 4212 | Q101: 5231 | R101: 3348 | S101: 4465 | T101: 825 | U101: 2330 | V101: 430 | W101: 37 | X101: 2104 | Z101: 158 | AA101: 43 | AB101: 203 | AC101: 635 | AD101: 927 | AE101: 615 | AF101: 792 | AG101: 893 | AH101: 129 | AI101: 880 | AJ101: 1771 | AK101: 2503 | AL101: 902 | AM101: 264 | AN101: 893 | AO101: 523 | AP101: 1445 | AQ101: 2851 | AR101: 3068 | AS101: 2908 | AT101: 3588 | AU101: 2405 | AV101: 3913 | AW101: 3205 | AX101: 2666 | AY101: 2494 | AZ101: 2745 | BA101: 2622 | BB101: 1598 | BC101: 490 | BD101: 1419 | BE101: 1638 | BF101: 2507 | BG101: 2742 | BH101: 3426 | BI101: 3753 | BJ101: 2044 | BK101: 2032 | BL101: 2916 | BM101: 430 | BN101: 443 | BO101: 1232 | BP101: 489 | BQ101: 823 | BR101: 470 | BS101: 172 | BT101: 272 | BU101: 213 | BV101: 3913 | BW101: 3205 | BX101: =IF(ISERROR(BW101/BK101-1),"",BW101/BK101-1) -> 0.57726378 | BY101: =IF(ISERROR(BW101/BV101-1),"",BW101/BV101-1) -> -0.18093534 | BZ101: =SUM(B101:M101) -> 31468 | CA101: =SUM(N101:Y101) -> 29452 | CB101: =SUM(Z101:AK101) -> 9549 | CC101: =SUM(AL101:AW101) -> 25965 | CD101: =SUM(AX101:BI101) -> 28100 | CE101: =SUM(BJ101:BU101) -> 11536 | CF101: =SUM(BV101:BW101) -> 7118
A102: 雷丁芒果 | AP102: 1736 | AQ102: 2023 | AR102: 3243 | AS102: 4372 | AT102: 6056 | AU102: 4107 | AV102: 4223 | AW102: 4371 | AX102: 2071 | AY102: 1531 | AZ102: 1967 | BA102: 1129 | BB102: 1217 | BC102: 1264 | BD102: 2091 | BE102: 1637 | BF102: 1563 | BG102: 1382 | BH102: 2046 | BI102: 2658 | BJ102: 0 | BK102: 0 | BL102: 1 | BM102: 0 | BN102: 0 | BO102: 0 | BP102: 0 | BQ102: 0 | BR102: 0 | BS102: 0 | BT102: 0 | BU102: 0 | BV102: 4223 | BW102: 4371 | BX102: =IF(ISERROR(BW102/BK102-1),"",BW102/BK102-1) | BY102: =IF(ISERROR(BW102/BV102-1),"",BW102/BV102-1) -> 0.035046176 | BZ102: =SUM(B102:M102) -> 0 | CA102: =SUM(N102:Y102) -> 0 | CB102: =SUM(Z102:AK102) -> 0 | CC102: =SUM(AL102:AW102) -> 30131 | CD102: =SUM(AX102:BI102) -> 20556 | CE102: =SUM(BJ102:BU102) -> 1 | CF102: =SUM(BV102:BW102) -> 8594
A103: ID.6 X | AQ103: 1147 | AR103: 762 | AS103: 974 | AT103: 1579 | AU103: 1083 | AV103: 1451 | AW103: 1391 | AX103: 1088 | AY103: 170 | AZ103: 677 | BA103: 278 | BB103: 840 | BC103: 1535 | BD103: 1892 | BE103: 1587 | BF103: 610 | BG103: 902 | BH103: 1040 | BI103: 1003 | BJ103: 251 | BK103: 258 | BL103: 306 | BM103: 876 | BN103: 1121 | BO103: 448 | BP103: 159 | BQ103: 564 | BR103: 327 | BS103: 788 | BT103: 679 | BU103: 893 | BV103: 1451 | BW103: 1391 | BX103: =IF(ISERROR(BW103/BK103-1),"",BW103/BK103-1) -> 4.3914729 | BY103: =IF(ISERROR(BW103/BV103-1),"",BW103/BV103-1) -> -0.041350793 | BZ103: =SUM(B103:M103) -> 0 | CA103: =SUM(N103:Y103) -> 0 | CB103: =SUM(Z103:AK103) -> 0 | CC103: =SUM(AL103:AW103) -> 8387 | CD103: =SUM(AX103:BI103) -> 11622 | CE103: =SUM(BJ103:BU103) -> 6670 | CF103: =SUM(BV103:BW103) -> 2842
A104: 梦想家 | BA104: 28 | BB104: 63 | BC104: 125 | BD104: 792 | BE104: 1559 | BS104: #N/A | BT104: #N/A | BU104: 0 | BV104: 0 | BW104: 0 | BX104: =IF(ISERROR(BW104/BK104-1),"",BW104/BK104-1) | BY104: =IF(ISERROR(BW104/BV104-1),"",BW104/BV104-1) | BZ104: =SUM(B104:M104) -> 0 | CA104: =SUM(N104:Y104) -> 0 | CB104: =SUM(Z104:AK104) -> 0 | CC104: =SUM(AL104:AW104) -> 0 | CD104: =SUM(AX104:BI104) -> 2567 | CE104: =SUM(BJ104:BU104) -> #N/A | CF104: =SUM(BV104:BW104) -> 0
...

Sheet 欧洲主要国家产销
Q12: 总销量同比 | AC12: 新能源汽车总销量
D14: 欧洲十国 | AD14: 法国 | AJ14: 挪威 | AP14: 瑞典 | AV14: 西班牙 | BB14: 英国 | BH14: 德国 | BN14: 瑞士 | BU14: 葡萄牙 | CB14: 意大利 | CI14: 丹麦
D15: 纯电动 | I15: 插电式 | N15: 新能源汽车合计 | S15: 汽车销量 | X15: 新能源汽车渗透率 | AD15: 纯电动 | AE15: 插电式 | AF15: 新能源汽车合计 | AG15: 汽车销量 | AH15: 新能源汽车渗透率 | AJ15: 纯电动 | AK15: 插电式 | AL15: 新能源汽车合计 | AM15: 汽车销量 | AN15: 新能源汽车渗透率 | AP15: 纯电动 | AQ15: 插电式 | AR15: 新能源汽车合计 | AS15: 汽车销量 | AT15: 新能源汽车渗透率 | AV15: 纯电动 | AW15: 插电式 | AX15: 新能源汽车合计 | AY15: 汽车销量 | AZ15: 新能源汽车渗透率 | BB15: 纯电动 | BC15: 插电式 | BD15: 新能源汽车合计 | BE15: 汽车销量 | BF15: 新能源汽车渗透率 | BH15: 纯电动 | BI15: 插电式 | BJ15: 新能源汽车合计 | BK15: 汽车销量 | BL15: 新能源汽车渗透率 | BN15: 纯电动 | BO15: 插电式 | BP15: 新能源汽车合计 | BQ15: 汽车销量 | BR15: 新能源汽车渗透率 | BU15: 纯电动 | BV15: 插电式 | BW15: 新能源汽车合计 | BX15: 汽车销量 | BY15: 新能源汽车渗透率 | CB15: 纯电动 | CC15: 插电式 | CD15: 新能源汽车合计 | CE15: 汽车销量 | CF15: 新能源汽车渗透率 | CI15: 纯电动 | CJ15: 插电式 | CK15: 新能源汽车合计 | CL15: 汽车销量 | CM15: 新能源汽车渗透率
C16: 万辆 | D16: 当月销量 | E16: 同比 | F16: 环比 | G16: 累计销量 | H16: 同比 | I16: 销量 | J16: 同比 | K16: 环比 | L16: 累计销量 | M16: 同比 | N16: 销量 | O16: 同比 | P16: 环比 | Q16: 累计销量 | R16: 同比 | S16: 销量 | T16: 同比 | U16: 环比 | V16: 累计销量 | W16: 同比 | X16: 渗透率 | Y16: 同比 | Z16: 环比 | AA16: 累计渗透率 | AB16: 同比
C17: 43466 | D17: =AD17+AJ17+AP17+AV17+BB17+BH17+BN17+BU17+CB17 -> 1.5681448 | G17: =SUM(D17) -> 1.5681448 | I17: =AE17+AK17+AQ17+AW17+BC17+BI17+BO17+BV17+CC17 -> 0.98132733 | L17: =I17 -> 0.98132733 | N17: =AF17+AL17+BD17+BJ17+AR17+AX17+BP17+BW17+CD17 -> 2.5494721 | Q17: =N17 -> 2.5494721 | S17: =AG17+AM17+AS17+AY17+BE17+BK17+BQ17+BX17+CE17 -> 88.764721 | V17: =S17 -> 88.764721 | X17: =N17/S17 -> 0.028721682 | AA17: =Q17/V17 -> 0.028721682 | AD17: 0.3059 | AE17: 0.1147 | AF17: =SUM(AD17:AE17) -> 0.4206 | AG17: 15.5079 | AH17: =AF17/AG17 -> 0.027121661 | AJ17: 0.3399679 | AK17: 0.12983762 | AL17: 0.46980552 | AM17: 0.90347215 | AN17: =AL17/AM17 -> 0.52 | AP17: 0.1084 | AQ17: 0.1566 | AR17: =SUM(AP17:AQ17) -> 0.265 | AS17: 2.0478 | AT17: =AR17/AS17 -> 0.12940717 | AV17: 0.080512594 | AW17: 0.051293706 | AX17: =AW17+AV17 -> 0.1318063 | AY17: 7.185 | AZ17: =AX17/AY17 -> 0.018344649 | BB17: 0.1334 | BC17: 0.2268 | BD17: 0.3602 | BE17: 16.1013 | BF17: =BD17/BE17 -> 0.022370864 | BH17: 0.46476427 | BI17: 0.211896 | BJ17: 0.67666027 | BK17: 26.569579 | BL17: =BJ17/BK17 -> 0.025467482 | BN17: 0.0434 | BO17: 0.0275 | BP17: =SUM(BN17:BO17) -> 0.0709 | BQ17: 2.0931 | BR17: =BP17/BQ17 -> 0.033873202 | BU17: 0.0683 | BV17: 0.0306 | BW17: =BV17+BU17 -> 0.0989 | BX17: 1.8294697 | BY17: =BW17/BX17 -> 0.054059383 | CB17: 0.0235 | CC17: 0.0321 | CD17: =CB17+CC17 -> 0.0556 | CE17: 16.5271 | CF17: =CD17/CE17 -> 0.0033641716
C18: 43498 | D18: =AD18+AJ18+AP18+AV18+BB18+BH18+BN18+BU18+CB18 -> 1.6163189 | F18: =D18/D17-1 -> 0.030720451 | G18: =G17+D18 -> 3.1844636 | I18: =AE18+AK18+AQ18+AW18+BC18+BI18+BO18+BV18+CC18 -> 0.93019642 | K18: =I18/I17-1 -> -0.052103825 | L18: =L17+I18 -> 1.9115237 | N18: =AF18+AL18+BD18+BJ18+AR18+AX18+BP18+BW18+CD18 -> 2.5465153 | P18: =N18/N17-1 -> -0.0011597671 | Q18: =Q17+N18 -> 5.0959874 | S18: =AG18+AM18+AS18+AY18+BE18+BK18+BQ18+BX18+CE18 -> 90.029305 | U18: =S18/S17-1 -> 0.014246474 | V18: =V17+S18 -> 178.79403 | X18: =N18/S18 -> 0.028285404 | Z18: =X18-X17 -> -0.00043627775 | AA18: =Q18/V18 -> 0.028502 | AD18: 0.2879 | AE18: 0.1277 | AF18: =SUM(AD18:AE18) -> 0.4156 | AG18: 17.2438 | AH18: =AF18/AG18 -> 0.024101416 | AJ18: 0.4516 | AK18: 0.1416 | AL18: 0.5932 | AM18: 1.1123153 | AN18: =AL18/AM18 -> 0.53330204 | AP18: 0.0896 | AQ18: 0.1892 | AR18: =SUM(AP18:AQ18) -> 0.2788 | AS18: 2.3146 | AT18: =AR18/AS18 -> 0.12045278 | AV18: 0.090696347 | AW18: 0.027906646 | AX18: =AW18+AV18 -> 0.11860299 | AY18: 11.9417 | AZ18: =AX18/AY18 -> 0.0099318349 | BB18: 0.0731 | BC18: 0.1373 | BD18: 0.2104 | BE18: 8.1969 | BF18: =BD18/BE18 -> 0.02566824 | BH18: 0.46382253 | BI18: 0.22018977 | BJ18: 0.6840123 | BK18: 26.899439 | BL18: =BJ18/BK18 -> 0.025428496 | BN18: 0.0733 | BO18: 0.0211 | BP18: =SUM(BN18:BO18) -> 0.0944 | BQ18: 2.2176 | BR18: =BP18/BQ18 -> 0.042568543 | BU18: 0.0563 | BV18: 0.0297 | BW18: =BV18+BU18 -> 0.086 | BX18: 2.2536507 | BY18: =BW18/BX18 -> 0.038160306 | CB18: 0.03 | CC18: 0.0355 | CD18: =CB18+CC18 -> 0.0655 | CE18: 17.8493 | CF18: =CD18/CE18 -> 0.0036696117
C19: 43527 | D19: =AD19+AJ19+AP19+AV19+BB19+BH19+BN19+BU19+CB19 -> 3.2952725 | F19: =D19/D18-1 -> 1.0387515 | G19: =G18+D19 -> 6.4797362 | I19: =AE19+AK19+AQ19+AW19+BC19+BI19+BO19+BV19+CC19 -> 1.5704351 | K19: =I19/I18-1 -> 0.68828332 | L19: =L18+I19 -> 3.4819588 | N19: =AF19+AL19+BD19+BJ19+AR19+AX19+BP19+BW19+CD19 -> 4.8657076 | P19: =N19/N18-1 -> 0.91073175 | Q19: =Q18+N19 -> 9.961695 | S19: =AG19+AM19+AS19+AY19+BE19+BK19+BQ19+BX19+CE19 -> 144.36911 | U19: =S19/S18-1 -> 0.60357905 | V19: =V18+S19 -> 323.16313 | X19: =N19/S19 -> 0.033703246 | Z19: =X19-X18 -> 0.0054178421 | AA19: =Q19/V19 -> 0.030825592 | AD19: 0.4614 | AE19: 0.151 | AF19: =SUM(AD19:AE19) -> 0.6124 | AG19: 22.5818 | AH19: =AF19/AG19 -> 0.027119184 | AJ19: 1.0732 | AK19: 0.2036 | AL19: 1.2768 | AM19: 1.8376712 | AN19: =AL19/AM19 -> 0.6947924 | AP19: 0.2111 | AQ19: 0.2288 | AR19: =SUM(AP19:AQ19) -> 0.4399 | AS19: 3.0256 | AT19: =AR19/AS19 -> 0.14539265 | AV19: 0.14838129 | AW19: 0.078696742 | AX19: =AW19+AV19 -> 0.22707804 | AY19: 12.5623 | AZ19: =AX19/AY19 -> 0.018076151 | BB19: 0.3932 | BC19: 0.4941 | BD19: 0.8873 | BE19: 45.8054 | BF19: =BD19/BE19 -> 0.019371079 | BH19: 0.66169122 | BI19: 0.30613836 | BJ19: 0.96782958 | BK19: 34.529535 | BL19: =BJ19/BK19 -> 0.028029036 | BN19: 0.1856 | BO19: 0.0316 | BP19: =SUM(BN19:BO19) -> 0.2172 | BQ19: 2.8958 | BR19: =BP19/BQ19 -> 0.07500518 | BU19: 0.0985 | BV19: 0.0307 | BW19: =BV19+BU19 -> 0.1292 | BX19: 1.7008026 | BY19: =BW19/BX19 -> 0.075964137 | CB19: 0.0622 | CC19: 0.0458 | CD19: =CB19+CC19 -> 0.108 | CE19: 19.4302 | CF19: =CD19/CE19 -> 0.0055583576
C20: 43558 | D20: =AD20+AJ20+AP20+AV20+BB20+BH20+BN20+BU20+CB20 -> 1.8811 | F20: =D20/D19-1 -> -0.42915192 | G20: =G19+D20 -> 8.3608362 | I20: =AE20+AK20+AQ20+AW20+BC20+BI20+BO20+BV20+CC20 -> 1.0952043 | K20: =I20/I19-1 -> -0.30261088 | L20: =L19+I20 -> 4.5771632 | N20: =AF20+AL20+BD20+BJ20+AR20+AX20+BP20+BW20+CD20 -> 2.9763043 | P20: =N20/N19-1 -> -0.38831007 | Q20: =Q19+N20 -> 12.937999 | S20: =AG20+AM20+AS20+AY20+BE20+BK20+BQ20+BX20+CE20 -> 107.11577 | U20: =S20/S19-1 -> -0.25804233 | V20: =V19+S20 -> 430.2789 | X20: =N20/S20 -> 0.027785866 | Z20: =X20-X19 -> -0.0059173804 | AA20: =Q20/V20 -> 0.030068868 | AD20: 0.3222 | AE20: 0.1311 | AF20: =SUM(AD20:AE20) -> 0.4533 | AG20: 18.8195 | AH20: =AF20/AG20 -> 0.024086719 | AJ20: 0.4462 | AK20: 0.1141 | AL20: 0.5603 | AM20: 1.1255 | AN20: =AL20/AM20 -> 0.49782319 | AP20: 0.1373 | AQ20: 0.1706 | AR20: =SUM(AP20:AQ20) -> 0.3079 | AS20: 3.0253 | AT20: =AR20/AS20 -> 0.10177503 | AV20: 0.0688 | AW20: 0.066304348 | AX20: =AW20+AV20 -> 0.13510435 | AY20: 14.1929 | AZ20: =AX20/AY20 -> 0.0095191503 | BB20: 0.1522 | BC20: 0.1922 | BD20: 0.3444 | BE20: 16.1064 | BF20: =BD20/BE20 -> 0.021382804 | BH20: 0.4768 | BI20: 0.3003 | BJ20: 0.7771 | BK20: 31.064267 | BL20: =BJ20/BK20 -> 0.025015881 | BN20: 0.1122 | BO20: 0.0291 | BP20: =SUM(BN20:BO20) -> 0.1413 | BQ20: 2.862 | BR20: 0.111 | BU20: 0.0461 | BV20: 0.0375 | BW20: =BV20+BU20 -> 0.0836 | BX20: 2.4275 | BY20: =BW20/BX20 -> 0.034438723 | CB20: 0.1193 | CC20: 0.054 | CD20: =CB20+CC20 -> 0.1733 | CE20: 17.4924 | CF20: =CD20/CE20 -> 0.0099071597
C21: 43586 | D21: =AD21+AJ21+AP21+AV21+BB21+BH21+BN21+BU21+CB21 -> 1.8485046 | F21: =D21/D20-1 -> -0.017327859 | G21: =G20+D21 -> 10.209341 | I21: =AE21+AK21+AQ21+AW21+BC21+BI21+BO21+BV21+CC21 -> 1.1854603 | K21: =I21/I20-1 -> 0.082410157 | L21: =L20+I21 -> 5.7626235 | N21: =AF21+AL21+BD21+BJ21+AR21+AX21+BP21+BW21+CD21 -> 3.0339649 | P21: =N21/N20-1 -> 0.019373196 | Q21: =Q20+N21 -> 15.971964 | S21: =AG21+AM21+AS21+AY21+BE21+BK21+BQ21+BX21+CE21 -> 115.42733 | U21: =S21/S20-1 -> 0.077594238 | V21: =V20+S21 -> 545.70624 | X21: =N21/S21 -> 0.026284631 | Z21: =X21-X20 -> -0.0015012349 | AA21: =Q21/V21 -> 0.029268429 | AD21: 0.2736 | AE21: 0.1311 | AF21: =SUM(AD21:AE21) -> 0.4047 | AG21: 19.3948 | AH21: =AF21/AG21 -> 0.020866418 | AJ21: 0.4655 | AK21: 0.1445 | AL21: 0.61 | AM21: 1.3117 | AN21: =AL21/AM21 -> 0.46504536 | AP21: 0.1228 | AQ21: 0.1652 | AR21: =SUM(AP21:AQ21) -> 0.288 | AS21: 3.1919 | AT21: =AR21/AS21 -> 0.090228391 | AV21: 0.09 | AW21: 0.0669 | AX21: =AW21+AV21 -> 0.1569 | AY21: 14.9198 | AZ21: =AX21/AY21 -> 0.010516227 | BB21: 0.1995 | BC21: 0.2362 | BD21: 0.4357 | BE21: 18.3724 | BF21: =BD21/BE21 -> 0.02371492 | BH21: 0.46290456 | BI21: 0.32696031 | BJ21: 0.78986487 | BK21: 33.296634 | BL21: =BJ21/BK21 -> 0.023722064 | BN21: 0.0677 | BO21: 0.0252 | BP21: =SUM(BN21:BO21) -> 0.0929 | BQ21: 2.806 | BR21: =BP21/BQ21 -> 0.033107627 | BU21: 0.0493 | BV21: 0.0414 | BW21: =BV21+BU21 -> 0.0907 | BX21: 2.2724 | BY21: =BW21/BX21 -> 0.039913748 | CB21: 0.1172 | CC21: 0.048 | CD21: =CC21+CB21 -> 0.1652 | CE21: 19.8617 | CF21: =CD21/CE21 -> 0.0083175156
C22: 43617 | D22: =AD22+AJ22+AP22+AV22+BB22+BH22+BN22+BU22+CB22 -> 2.6468309 | F22: =D22/D21-1 -> 0.43187686 | G22: =G21+D22 -> 12.856172 | I22: =AE22+AK22+AQ22+AW22+BC22+BI22+BO22+BV22+CC22 -> 1.0990923 | K22: =I22/I21-1 -> -0.072856057 | L22: =L21+I22 -> 6.8617158 | N22: =AF22+AL22+BD22+BJ22+AR22+AX22+BP22+BW22+CD22 -> 3.7459233 | P22: =N22/N21-1 -> 0.2346627 | Q22: =Q21+N22 -> 19.717887 | S22: =AG22+AM22+AS22+AY22+BE22+BK22+BQ22+BX22+CE22 -> 118.4704 | U22: =S22/S21-1 -> 0.026363487 | V22: =V21+S22 -> 664.17664 | X22: =N22/S22 -> 0.031619065 | Z22: =X22-X21 -> 0.0053344337 | AA22: =Q22/V22 -> 0.029687716 | AD22: 0.4497 | AE22: 0.1348 | AF22: =SUM(AD22:AE22) -> 0.5845 | AG22: 23.104743 | AH22: =AF22/AG22 -> 0.025297836 | AJ22: 0.74241532 | AK22: 0.14400452 | AL22: 0.88641984 | AM22: 1.5359732 | AN22: =AL22/AM22 -> 0.57710634 | AP22: 0.1673 | AQ22: 0.1743 | AR22: =SUM(AP22:AQ22) -> 0.3416 | AS22: 3.183 | AT22: =AR22/AS22 -> 0.10732014 | AV22: 0.1174 | AW22: 0.044 | AX22: =SUM(AV22:AW22) -> 0.1614 | AY22: 13.0513 | AZ22: =AX22/AY22 -> 0.012366584 | BB22: 0.2461 | BC22: 0.227 | BD22: 0.4731 | BE22: 22.3421 | BF22: =BD22/BE22 -> 0.02117527 | BH22: 0.5758156 | BI22: 0.27988782 | BJ22: 0.85570342 | BK22: 32.536484 | BL22: =BJ22/BK22 -> 0.026299812 | BN22: 0.1121 | BO22: 0.0201 | BP22: =SUM(BN22:BO22) -> 0.1322 | BQ22: 2.8391 | BR22: =BP22/BQ22 -> 0.046564052 | BU22: 0.0906 | BV22: 0.0354 | BW22: =SUM(BU22:BV22) -> 0.126 | BX22: 2.5305 | BY22: =BW22/BX22 -> 0.049792531 | CB22: 0.1454 | CC22: 0.0396 | CD22: =CC22+CB22 -> 0.185 | CE22: 17.3472 | CF22: =CD22/CE22 -> 0.010664545
C23: 43647 | D23: =AD23+AJ23+AP23+AV23+BB23+BH23+BN23+BU23+CB23 -> 1.8757666 | F23: =D23/D22-1 -> -0.29131604 | G23: =G22+D23 -> 14.731938 | I23: =AE23+AK23+AQ23+AW23+BC23+BI23+BO23+BV23+CC23 -> 1.0004763 | K23: =I23/I22-1 -> -0.089725006 | L23: =L22+I23 -> 7.8621921 | N23: =AF23+AL23+BD23+BJ23+AR23+AX23+BP23+BW23+CD23 -> 2.8762429 | P23: =N23/N22-1 -> -0.23216716 | Q23: =Q22+N23 -> 22.59413 | S23: =AG23+AM23+AS23+AY23+BE23+BK23+BQ23+BX23+CE23 -> 101.01074 | U23: =S23/S22-1 -> -0.14737569 | V23: =V22+S23 -> 765.18738 | X23: =N23/S23 -> 0.028474624 | Z23: =X23-X22 -> -0.003144441 | AA23: =Q23/V23 -> 0.029527578 | AD23: 0.3078 | AE23: 0.1184 | AF23: =SUM(AD23:AE23) -> 0.4262 | AG23: 17.2225 | AH23: =AF23/AG23 -> 0.024746698 | AJ23: 0.3484585 | AK23: 0.094288079 | AL23: 0.44274658 | AM23: 0.9178 | AN23: =AL23/AM23 -> 0.48239984 | AP23: 0.1076 | AQ23: 0.1294 | AR23: =SUM(AP23:AQ23) -> 0.237 | AS23: 2.3657 | AT23: =AR23/AS23 -> 0.10018176 | AV23: 0.0739 | AW23: 0.0498 | AX23: =SUM(AV23:AW23) -> 0.1237 | AY23: 11.6673 | AZ23: =AX23/AY23 -> 0.010602282 | BB23: 0.2271 | BC23: 0.1772 | BD23: 0.4043 | BE23: 15.7198 | BF23: =BD23/BE23 -> 0.025719157 | BH23: 0.59630813 | BI23: 0.3269882 | BJ23: 0.92329633 | BK23: 33.291543 | BL23: =BJ23/BK23 -> 0.02773366 | BN23: 0.0745 | BO23: 0.0283 | BP23: =SUM(BN23:BO23) -> 0.1028 | BQ23: 2.5518 | BR23: =BP23/BQ23 -> 0.040285289 | BU23: 0.0458 | BV23: 0.0372 | BW23: =SUM(BU23:BV23) -> 0.083 | BX23: 1.8436 | BY23: =BW23/BX23 -> 0.045020612 | CB23: 0.0943 | CC23: 0.0389 | CD23: =CC23+CB23 -> 0.1332 | CE23: 15.4307 | CF23: =CD23/CE23 -> 0.0086321424
C24: 43678 | D24: =AD24+AJ24+AP24+AV24+BB24+BH24+BN24+BU24+CB24 -> 1.7960361 | F24: =D24/D23-1 -> -0.042505588 | G24: =G23+D24 -> 16.527974 | I24: =AE24+AK24+AQ24+AW24+BC24+BI24+BO24+BV24+CC24 -> 1.1218046 | K24: =I24/I23-1 -> 0.12127058 | L24: =L23+I24 -> 8.9839967 | N24: =AF24+AL24+BD24+BJ24+AR24+AX24+BP24+BW24+CD24 -> 2.9178407 | P24: =N24/N23-1 -> 0.014462537 | Q24: =Q23+N24 -> 25.511971 | S24: =AG24+AM24+AS24+AY24+BE24+BK24+BQ24+BX24+CE24 -> 77.318827 | U24: =S24/S23-1 -> -0.23454848 | V24: =V23+S24 -> 842.50621 | X24: =N24/S24 -> 0.037737777 | Z24: =X24-X23 -> 0.0092631534 | AA24: =Q24/V24 -> 0.030281048 | AD24: 0.2092 | AE24: 0.1427 | AF24: =SUM(AD24:AE24) -> 0.3519 | AG24: 12.9257 | AH24: =AF24/AG24 -> 0.027224831 | AJ24: 0.47140496 | AK24: 0.27619512 | AL24: 0.74760008 | AM24: 1.2069274 | AN24: =AL24/AM24 -> 0.61942425 | AP24: 0.096 | AQ24: 0.1663 | AR24: =SUM(AP24:AQ24) -> 0.2623 | AS24: 2.9477 | AT24: =AR24/AS24 -> 0.088984632 | AV24: 0.0476 | AW24: 0.0443 | AX24: =SUM(AV24:AW24) -> 0.0919 | AY24: 7.4424 | AZ24: =AX24/AY24 -> 0.012348167 | BB24: 0.3147 | BC24: 0.091 | BD24: 0.4057 | BE24: 9.2573 | BF24: =BD24/BE24 -> 0.043824873 | BH24: 0.5000311 | BI24: 0.31200949 | BJ24: 0.81204059 | BK24: 31.3805 | BL24: =BJ24/BK24 -> 0.025877236 | BN24: 0.0613 | BO24: 0.0238 | BP24: =SUM(BN24:BO24) -> 0.0851 | BQ24: 1.9437 | BR24: =BP24/BQ24 -> 0.043782477 | BU24: 0.0421 | BV24: 0.0348 | BW24: =SUM(BU24:BV24) -> 0.0769 | BX24: 1.2435 | BY24: =BW24/BX24 -> 0.061841576 | CB24: 0.0537 | CC24: 0.0307 | CD24: =CC24+CB24 -> 0.0844 | CE24: 8.9711 | CF24: =CD24/CE24 -> 0.0094079879
C25: 43709 | D25: =AD25+AJ25+AP25+AV25+BB25+BH25+BN25+BU25+CB25 -> 2.9908951 | F25: =D25/D24-1 -> 0.66527564 | G25: =G24+D25 -> 19.518869 | I25: =AE25+AK25+AQ25+AW25+BC25+BI25+BO25+BV25+CC25 -> 1.5234844 | K25: =I25/I24-1 -> 0.35806576 | L25: =L24+I25 -> 10.507481 | N25: =AF25+AL25+BD25+BJ25+AR25+AX25+BP25+BW25+CD25 -> 4.5143795 | P25: =N25/N24-1 -> 0.54716451 | Q25: =Q24+N25 -> 30.026351 | S25: =AG25+AM25+AS25+AY25+BE25+BK25+BQ25+BX25+CE25 -> 106.29767 | U25: =S25/S24-1 -> 0.37479677 | V25: =V24+S25 -> 948.80388 | X25: =N25/S25 -> 0.042469222 | Z25: =X25-X24 -> 0.004731445 | AA25: =Q25/V25 -> 0.03164653 | AD25: 0.4201 | AE25: 0.1351 | AF25: =SUM(AD25:AE25) -> 0.5552 | AG25: 17.3443 | AH25: =AF25/AG25 -> 0.032010516 | AJ25: 0.6085296 | AK25: 0.11390608 | AL25: 0.72243568 | AM25: 1.1156385 | AN25: =AL25/AM25 -> 0.64755359 | AP25: 0.1751 | AQ25: 0.1861 | AR25: =SUM(AP25:AQ25) -> 0.3612 | AS25: 2.6758 | AT25: =AR25/AS25 -> 0.13498767 | AV25: 0.0795 | AW25: 0.054 | AX25: =SUM(AV25:AW25) -> 0.1335 | AY25: 8.1746 | AZ25: =AX25/AY25 -> 0.016331074 | BB25: 0.7704 | BC25: 0.5197 | BD25: 1.2901 | BE25: 34.3255 | BF25: =BD25/BE25 -> 0.037584303 | BH25: 0.5880655 | BI25: 0.35717835 | BJ25: 0.94524385 | BK25: 24.467435 | BL25: =BJ25/BK25 -> 0.038632731 | BN25: 0.153 | BO25: 0.0329 | BP25: =SUM(BN25:BO25) -> 0.1859 | BQ25: 2.4219 | BR25: =BP25/BQ25 -> 0.076757917 | BU25: 0.0705 | BV25: 0.0456 | BW25: =SUM(BU25:BV25) -> 0.1161 | BX25: 1.4558 | BY25: =BW25/BX25 -> 0.079749966 | CB25: 0.1257 | CC25: 0.079 | CD25: =CC25+CB25 -> 0.2047 | CE25: 14.3167 | CF25: =CD25/CE25 -> 0.014297988
C26: 43739 | D26: =AD26+AJ26+AP26+AV26+BB26+BH26+BN26+BU26+CB26 -> 2.0000064 | F26: =D26/D25-1 -> -0.33130171 | G26: =G25+D26 -> 21.518876 | I26: =AE26+AK26+AQ26+AW26+BC26+BI26+BO26+BV26+CC26 -> 2.0198641 | K26: =I26/I25-1 -> 0.3258187 | L26: =L25+I26 -> 12.527345 | N26: =AF26+AL26+BD26+BJ26+AR26+AX26+BP26+BW26+CD26 -> 4.0198706 | P26: =N26/N25-1 -> -0.10954084 | Q26: =Q25+N26 -> 34.046221 | S26: =AG26+AM26+AS26+AY26+BE26+BK26+BQ26+BX26+CE26 -> 95.129341 | U26: =S26/S25-1 -> -0.10506658 | V26: =V25+S26 -> 1043.9332 | X26: =N26/S26 -> 0.042256895 | Z26: =X26-X25 -> -0.00021232698 | AA26: =Q26/V26 -> 0.032613409 | AD26: 0.4382 | AE26: 0.2046 | AF26: =SUM(AD26:AE26) -> 0.6428 | AG26: 18.8987 | AH26: =AF26/AG26 -> 0.034012922 | AJ26: 0.37419202 | AK26: 0.23649053 | AL26: 0.61068254 | AM26: 1.0475728 | AN26: =AL26/AM26 -> 0.58294997 | AP26: 0.0807 | AQ26: 0.2692 | AR26: =SUM(AP26:AQ26) -> 0.3499 | AS26: 2.9631 | AT26: =AR26/AS26 -> 0.11808579 | AV26: 0.081 | AW26: 0.0796 | AX26: =SUM(AV26:AW26) -> 0.1606 | AY26: 9.3954 | AZ26: =AX26/AY26 -> 0.017093471 | BB26: 0.3162 | BC26: 0.3126 | BD26: 0.6288 | BE26: 14.3251 | BF26: =BD26/BE26 -> 0.043894982 | BH26: 0.49791443 | BI26: 0.69477362 | BJ26: 1.192688 | BK26: 28.454668 | BL26: =BJ26/BK26 -> 0.041915374 | BN26: 0.0715 | BO26: 0.042 | BP26: =SUM(BN26:BO26) -> 0.1135 | BQ26: 2.6103 | BR26: =BP26/BQ26 -> 0.043481592 | BU26: 0.0456 | BV26: 0.0957 | BW26: =SUM(BU26:BV26) -> 0.1413 | BX26: 1.5649 | BY26: =BW26/BX26 -> 0.090293309 | CB26: 0.0947 | CC26: 0.0849 | CD26: =CC26+CB26 -> 0.1796 | CE26: 15.8696 | CF26: =CD26/CE26 -> 0.011317235
C27: 43770 | D27: =AD27+AJ27+AP27+AV27+BB27+BH27+BN27+BU27+CB27 -> 2.0266565 | F27: =D27/D26-1 -> 0.013324998 | G27: =G26+D27 -> 23.545532 | I27: =AE27+AK27+AQ27+AW27+BC27+BI27+BO27+BV27+CC27 -> 2.1772134 | K27: =I27/I26-1 -> 0.077900892 | L27: =L26+I27 -> 14.704559 | N27: =AF27+AL27+BD27+BJ27+AR27+AX27+BP27+BW27+CD27 -> 4.2038699 | P27: =N27/N26-1 -> 0.045772444 | Q27: =Q26+N27 -> 38.250091 | S27: =AG27+AM27+AS27+AY27+BE27+BK27+BQ27+BX27+CE27 -> 95.238414 | U27: =S27/S26-1 -> 0.001146576 | V27: =V26+S27 -> 1139.1716 | X27: =N27/S27 -> 0.044140486 | Z27: =X27-X26 -> 0.0018835909 | AA27: =Q27/V27 -> 0.03357711 | AD27: 0.3201 | AE27: 0.2331 | AF27: =SUM(AD27:AE27) -> 0.5532 | AG27: 17.2731 | AH27: =AF27/AG27 -> 0.032026677 | AJ27: 0.36967945 | AK27: 0.2273628 | AL27: 0.59704226 | AM27: 1.0034428 | AN27: =AL27/AM27 -> 0.59499384 | AP27: 0.1031 | AQ27: 0.3241 | AR27: =SUM(AP27:AQ27) -> 0.4272 | AS27: 3.0502 | AT27: =AR27/AS27 -> 0.14005639 | AV27: 0.0791 | AW27: 0.0837 | AX27: =SUM(AV27:AW27) -> 0.1628 | AY27: 9.3155 | AZ27: =AX27/AY27 -> 0.017476249 | BB27: 0.4652 | BC27: 0.4362 | BD27: 0.9014 | BE27: 15.6621 | BF27: =BD27/BE27 -> 0.057552946 | BH27: 0.46507707 | BI27: 0.63345056 | BJ27: 1.0985276 | BK27: 29.912371 | BL27: =BJ27/BK27 -> 0.03672486 | BN27: 0.0783 | BO27: 0.0479 | BP27: =SUM(BN27:BO27) -> 0.1262 | BQ27: 2.1462 | BR27: =BP27/BQ27 -> 0.058801603 | BU27: 0.0393 | BV27: 0.0932 | BW27: =SUM(BU27:BV27) -> 0.1325 | BX27: 1.64 | BY27: =BW27/BX27 -> 0.080792683 | CB27: 0.1068 | CC27: 0.0982 | CD27: =CC27+CB27 -> 0.205 | CE27: 15.2355 | CF27: =CD27/CE27 -> 0.013455417
C28: 43800 | D28: =AD28+AJ28+AP28+AV28+BB28+BH28+BN28+BU28+CB28 -> 2.5879655 | F28: =D28/D27-1 -> 0.27696304 | G28: =G27+D28 -> 26.133498 | I28: =AE28+AK28+AQ28+AW28+BC28+BI28+BO28+BV28+CC28 -> 2.1302059 | K28: =I28/I27-1 -> -0.021590637 | L28: =L27+I28 -> 16.834765 | N28: =AF28+AL28+BD28+BJ28+AR28+AX28+BP28+BW28+CD28 -> 4.7181714 | P28: =N28/N27-1 -> 0.12234002 | Q28: =Q27+N28 -> 42.968262 | S28: =AG28+AM28+AS28+AY28+BE28+BK28+BQ28+BX28+CE28 -> 100.3542 | U28: =S28/S27-1 -> 0.053715535 | V28: =V27+S28 -> 1239.5258 | X28: =N28/S28 -> 0.047015188 | Z28: =X28-X27 -> 0.0028747019 | AA28: =Q28/V28 -> 0.03466508 | AD28: 0.4803 | AE28: 0.2349 | AF28: =SUM(AD28:AE28) -> 0.7152 | AG28: 21.1194 | AH28: =AF28/AG28 -> 0.033864598 | AJ28: 0.34226547 | AK28: 0.25940594 | AL28: 0.60167141 | AM28: 1.1254923 | AN28: =AL28/AM28 -> 0.53458508 | AP28: 0.1606 | AQ28: 0.3212 | AR28: =SUM(AP28:AQ28) -> 0.4818 | AS28: 4.8129 | AT28: =AR28/AS28 -> 0.10010597 | AV28: 0.098 | AW28: 0.0812 | AX28: =SUM(AV28:AW28) -> 0.1792 | AY28: 10.5854 | AZ28: =AX28/AY28 -> 0.016928978 | BB28: 0.4939 | BC28: 0.4481 | BD28: 0.942 | BE28: 14.8997 | BF28: =BD28/BE28 -> 0.063222749 | BH28: 0.5748 | BI28: 0.558 | BJ28: 1.1328 | BK28: 28.334304 | BL28: =BJ28/BK28 -> 0.039979807 | BN28: 0.2836 | BO28: 0.0959 | BP28: =SUM(BN28:BO28) -> 0.3795 | BQ28: 3.4825 | BR28: =BP28/BQ28 -> 0.10897344 | BU28: 0.0695 | BV28: 0.0614 | BW28: =SUM(BU28:BV28) -> 0.1309 | BX28: 1.7726 | BY28: =BW28/BX28 -> 0.073846327 | CB28: 0.085 | CC28: 0.0701 | CD28: =CC28+CB28 -> 0.1551 | CE28: 14.2219 | CF28: =CD28/CE28 -> 0.010905716
C29: 43831 | D29: =AD29+AJ29+AP29+AV29+BB29+BH29+BN29+BU29+CB29 -> 3.34 | E29: =D29/D17-1 -> 1.1299054 | F29: =D29/D28-1 -> 0.29058909 | G29: =D29 -> 3.34 | H29: =G29/G17-1 -> 1.1299054 | I29: =AE29+AK29+AQ29+AW29+BC29+BI29+BO29+BV29+CC29 -> 2.7266 | J29: =I29/I17-1 -> 1.7784817 | K29: =I29/I28-1 -> 0.27997014 | L29: =I29 -> 2.7266 | M29: =L29/L17-1 -> 1.7784817 | N29: =AF29+AL29+BD29+BJ29+AR29+AX29+BP29+BW29+CD29 -> 6.0666 | O29: =N29/N17-1 -> 1.3795515 | P29: =N29/N28-1 -> 0.28579474 | Q29: =N29 -> 6.0666 | R29: =Q29/Q17-1 -> 1.3795515 | S29: =AG29+AM29+AS29+AY29+BE29+BK29+BQ29+BX29+CE29 -> 83.471437 | T29: =S29/S17-1 -> -0.059632745 | U29: =S29/S28-1 -> -0.16823172 | V29: =S29 -> 83.471437 | W29: =V29/V17-1 -> -0.059632745 | X29: =N29/S29 -> 0.072678753 | Y29: =X29-X17 -> 0.043957072 | Z29: =X29-X28 -> 0.025663565 | AA29: =Q29/V29 -> 0.072678753 | AB29: =AA29-AA17 -> 0.043957072 | AD29: 1.0952 | AE29: 0.3734 | AF29: =SUM(AD29:AE29) -> 1.4686 | AG29: 13.4229 | AH29: =AF29/AG29 -> 0.10941004 | AJ29: 0.4236 | AK29: 0.1919 | AL29: 0.6155 | AM29: 0.96171875 | AN29: =AL29/AM29 -> 0.64 | AP29: 0.1225 | AQ29: 0.4019 | AR29: =SUM(AP29:AQ29) -> 0.5244 | AS29: 1.6798 | AT29: =AR29/AS29 -> 0.31218002 | AV29: 0.1822 | AW29: 0.1467 | AX29: =SUM(AV29:AW29) -> 0.3289 | AY29: 8.6443 | AZ29: =AX29/AY29 -> 0.038048194 | BB29: 0.4054 | BC29: 0.4788 | BD29: 0.8842 | BE29: 14.9279 | BF29: =BD29/BE29 -> 0.059231372 | BH29: 0.7492 | BI29: 0.8639 | BJ29: 1.6131 | BK29: 24.63 | BL29: =BJ29/BK29 -> 0.065493301 | BN29: 0.0779 | BO29: 0.0665 | BP29: =SUM(BN29:BO29) -> 0.1444 | BQ29: 1.8788 | BR29: =BP29/BQ29 -> 0.076857569 | BU29: 0.0895 | BV29: 0.0721 | BW29: =SUM(BU29:BV29) -> 0.1616 | BX29: 1.6959184 | BY29: =BW29/BX29 -> 0.095287605 | CB29: 0.1945 | CC29: 0.1314 | CD29: =CC29+CB29 -> 0.3259 | CE29: 15.6301 | CF29: =CD29/CE29 -> 0.020850794
C30: 43862 | D30: =AD30+AJ30+AP30+AV30+BB30+BH30+BN30+BU30+CB30 -> 3.2385 | E30: =D30/D18-1 -> 1.0036269 | F30: =D30/D29-1 -> -0.030389222 | G30: =G29+D30 -> 6.5785 | H30: =G30/G18-1 -> 1.065811 | I30: =AE30+AK30+AQ30+AW30+BC30+BI30+BO30+BV30+CC30 -> 2.4183 | J30: =I30/I18-1 -> 1.5997735 | K30: =I30/I29-1 -> -0.11307122 | L30: =L29+I30 -> 5.1449 | M30: =L30/L18-1 -> 1.6915177 | N30: =AF30+AL30+BD30+BJ30+AR30+AX30+BP30+BW30+CD30 -> 5.6568 | O30: =N30/N18-1 -> 1.2213886 | P30: =N30/N29-1 -> -0.067550193 | Q30: =Q29+N30 -> 11.7234 | R30: =Q30/Q18-1 -> 1.3005159 | S30: =AG30+AM30+AS30+AY30+BE30+BK30+BQ30+BX30+CE30 -> 82.700756 | T30: =S30/S18-1 -> -0.081401817 | U30: =S30/S29-1 -> -0.0092328674 | V30: =V29+S30 -> 166.17219 | W30: =V30/V18-1 -> -0.070594265 | X30: =N30/S30 -> 0.068400825 | Y30: =X30-X18 -> 0.040115421 | Z30: =X30-X29 -> -0.0042779281 | AA30: =Q30/V30 -> 0.07054971 | AB30: =AA30-AA18 -> 0.042047709 | AD30: 0.9451 | AE30: 0.3885 | AF30: =SUM(AD30:AE30) -> 1.3336 | AG30: 16.7784 | AH30: =AF30/AG30 -> 0.079483145 | AJ30: 0.5145 | AK30: 0.191 | AL30: 0.7055 | AM30: 1.0346 | AN30: =AL30/AM30 -> 0.68190605 | AP30: 0.1409 | AQ30: 0.4026 | AR30: =SUM(AP30:AQ30) -> 0.5435 | AS30: 3.183 | AT30: =AR30/AS30 -> 0.17075086 | AV30: 0.1589 | AW30: 0.121 | AX30: =SUM(AV30:AW30) -> 0.2799 | AY30: 9.4618 | AZ30: =AX30/AY30 -> 0.029582109 | BB30: 0.2508 | BC30: 0.2058 | BD30: 0.4566 | BE30: 7.9594 | BF30: =BD30/BE30 -> 0.057366133 | BH30: 0.8154 | BI30: 0.8354 | BJ30: 1.6508 | BK30: 23.9943 | BL30: =BJ30/BK30 -> 0.068799673 | BN30: 0.0784 | BO30: 0.0768 | BP30: =SUM(BN30:BO30) -> 0.1552 | BQ30: 1.9108 | BR30: =BP30/BQ30 -> 0.081222525 | BU30: 0.0815 | BV30: 0.0753 | BW30: =SUM(BU30:BV30) -> 0.1568 | BX30: 2.0102564 | BY30: =BW30/BX30 -> 0.078 | CB30: 0.253 | CC30: 0.1219 | CD30: =CC30+CB30 -> 0.3749 | CE30: 16.3682 | CF30: =CD30/CE30 -> 0.022904168
C31: 43892 | D31: =AD31+AJ31+AP31+AV31+BB31+BH31+BN31+BU31+CB31 -> 4.1806 | E31: =D31/D19-1 -> 0.26866594 | F31: =D31/D30-1 -> 0.29090628 | G31: =G30+D31 -> 10.7591 | H31: =G31/G19-1 -> 0.66042255 | I31: =AE31+AK31+AQ31+AW31+BC31+BI31+BO31+BV31+CC31 -> 2.7723 | J31: =I31/I19-1 -> 0.76530695 | K31: =I31/I30-1 -> 0.14638382 | L31: =L30+I31 -> 7.9172 | M31: =L31/L19-1 -> 1.2737776 | N31: =AF31+AL31+BD31+BJ31+AR31+AX31+BP31+BW31+CD31 -> 6.9529 | O31: =N31/N19-1 -> 0.42895968 | P31: =N31/N30-1 -> 0.22912247 | Q31: =Q30+N31 -> 18.6763 | R31: =Q31/Q19-1 -> 0.87481147 | S31: =AG31+AM31+AS31+AY31+BE31+BK31+BQ31+BX31+CE31 -> 67.1235 | T31: =S31/S19-1 -> -0.53505635 | U31: =S31/S30-1 -> -0.18835688 | V31: =V30+S31 -> 233.29569 | W31: =V31/V19-1 -> -0.27808692 | X31: =N31/S31 -> 0.10358369 | Y31: =X31-X19 -> 0.069880446 | Z31: =X31-X30 -> 0.035182867 | AA31: =Q31/V31 -> 0.0800542 | AB31: =AA31-AA19 -> 0.049228607 | AD31: 0.5511 | AE31: 0.1804 | AF31: =SUM(AD31:AE31) -> 0.7315 | AG31: 6.2668 | AH31: =AF31/AG31 -> 0.11672624 | AJ31: 0.6966 | AK31: 0.2392 | AL31: 0.9358 | AM31: 1.2541 | AN31: =AL31/AM31 -> 0.74619249 | AP31: 0.3004 | AQ31: 0.479 | AR31: =SUM(AP31:AQ31) -> 0.7794 | AS31: 3.183 | AT31: =AR31/AS31 -> 0.24486334 | AV31: 0.0825 | AW31: 0.0628 | AX31: =SUM(AV31:AW31) -> 0.1453 | AY31: 3.7644 | AZ31: =AX31/AY31 -> 0.038598449 | BB31: 1.1694 | BC31: 0.6818 | BD31: 1.8512 | BE31: 25.4684 | BF31: =BD31/BE31 -> 0.072686152 | BH31: 1.0329 | BI31: 0.9426 | BJ31: 1.9755 | BK31: 21.5119 | BL31: =BJ31/BK31 -> 0.091832892 | BN31: 0.1558 | BO31: 0.085 | BP31: =SUM(BN31:BO31) -> 0.2408 | BQ31: 1.7556 | BR31: =BP31/BQ31 -> 0.13716108 | BU31: 0.0993 | BV31: 0.0627 | BW31: =SUM(BU31:BV31) -> 0.162 | BX31: 1.0596 | BY31: =BW31/BX31 -> 0.15288788 | CB31: 0.0926 | CC31: 0.0388 | CD31: =CC31+CB31 -> 0.1314 | CE31: 2.8597 | CF31: =CD31/CE31 -> 0.045948876
C32: 43923 | D32: =AD32+AJ32+AP32+AV32+BB32+BH32+BN32+BU32+CB32 -> 1.3307 | E32: =D32/D20-1 -> -0.29259476 | F32: =D32/D31-1 -> -0.68169641 | G32: =G31+D32 -> 12.0898 | H32: =G32/G20-1 -> 0.4460037 | I32: =AE32+AK32+AQ32+AW32+BC32+BI32+BO32+BV32+CC32 -> 1.1652 | J32: =I32/I20-1 -> 0.063911043 | K32: =I32/I31-1 -> -0.57969917 | L32: =L31+I32 -> 9.0824 | M32: =L32/L20-1 -> 0.98428582 | N32: =AF32+AL32+BD32+BJ32+AR32+AX32+BP32+BW32+CD32 -> 2.4959 | O32: =N32/N20-1 -> -0.16140969 | P32: =N32/N31-1 -> -0.64102748 | Q32: =Q31+N32 -> 21.1722 | R32: =Q32/Q20-1 -> 0.63643539 | S32: =AG32+AM32+AS32+AY32+BE32+BK32+BQ32+BX32+CE32 -> 20.9715 | T32: =S32/S20-1 -> -0.8042165 | U32: =S32/S31-1 -> -0.68756844 | V32: =V31+S32 -> 254.26719 | W32: =V32/V20-1 -> -0.40906423 | X32: =N32/S32 -> 0.1190139 | Y32: =X32-X20 -> 0.091228034 | Z32: =X32-X31 -> 0.015430207 | AA32: =Q32/V32 -> 0.083267525 | AB32: =AA32-AA20 -> 0.053198658 | AD32: 0.1218 | AE32: 0.0427 | AF32: =SUM(AD32:AE32) -> 0.1645 | AG32: 2.0997 | AH32: =AF32/AG32 -> 0.078344525 | AJ32: 0.3671 | AK32: 0.1497 | AL32: 0.5168 | AM32: 0.7425 | AN32: =AL32/AM32 -> 0.69602694 | AP32: 0.104 | AQ32: 0.323 | AR32: =SUM(AP32:AQ32) -> 0.427 | AS32: 3.183 | AT32: =AR32/AS32 -> 0.13415017 | AV32: 0.0086 | AW32: 0.0061 | AX32: =SUM(AV32:AW32) -> 0.0147 | AY32: 0.6898 | AZ32: =AX32/AY32 -> 0.021310525 | BB32: 0.1374 | BC32: 0.0095 | BD32: 0.1469 | BE32: 0.4321 | BF32: =BD32/BE32 -> 0.3399676 | BH32: 0.4635 | BI32: 0.5618 | BJ32: 1.0253 | BK32: 12.084 | BL32: =BJ32/BK32 -> 0.084847733 | BN32: 0.0532 | BO32: 0.0424 | BP32: =SUM(BN32:BO32) -> 0.0956 | BQ32: 0.9382 | BR32: =BP32/BQ32 -> 0.10189725 | BU32: 0.0251 | BV32: 0.0274 | BW32: =SUM(BU32:BV32) -> 0.0525 | BX32: 0.3697 | BY32: =BW32/BX32 -> 0.14200703 | CB32: 0.05 | CC32: 0.0026 | CD32: =CC32+CB32 -> 0.0526 | CE32: 0.4325 | CF32: =CD32/CE32 -> 0.1216185
C33: 43952 | D33: =AD33+AJ33+AP33+AV33+BB33+BH33+BN33+BU33+CB33 -> 1.9521 | E33: =D33/D21-1 -> 0.056042835 | F33: =D33/D32-1 -> 0.46697227 | G33: =G32+D33 -> 14.0419 | H33: =G33/G21-1 -> 0.37539733 | I33: =AE33+AK33+AQ33+AW33+BC33+BI33+BO33+BV33+CC33 -> 1.8154 | J33: =I33/I21-1 -> 0.53138826 | K33: =I33/I32-1 -> 0.55801579 | L33: =L32+I33 -> 10.8978 | M33: =L33/L21-1 -> 0.89111782 | N33: =AF33+AL33+BD33+BJ33+AR33+AX33+BP33+BW33+CD33 -> 3.7675 | O33: =N33/N21-1 -> 0.24177443 | P33: =N33/N32-1 -> 0.50947554 | Q33: =Q32+N33 -> 24.9397 | R33: =Q33/Q21-1 -> 0.56146731 | S33: =AG33+AM33+AS33+AY33+BE33+BK33+BQ33+BX33+CE33 -> 46.3149 | T33: =S33/S21-1 -> -0.59875275 | U33: =S33/S32-1 -> 1.2084686 | V33: =V32+S33 -> 300.58209 | W33: =V33/V21-1 -> -0.44918699 | X33: =N33/S33 -> 0.081345312 | Y33: =X33-X21 -> 0.055060681 | Z33: =X33-X32 -> -0.037668588 | AA33: =Q33/V33 -> 0.082971343 | AB33: =AA33-AA21 -> 0.053702914 | AD33: 0.4112 | AE33: 0.3064 | AF33: =SUM(AD33:AE33) -> 0.7176 | AG33: 9.631 | AH33: =AF33/AG33 -> 0.074509397 | AJ33: 0.3444 | AK33: 0.1805 | AL33: 0.5249 | AM33: 0.7998 | AN33: =AL33/AM33 -> 0.65628907 | AP33: 0.0834 | AQ33: 0.259 | AR33: =SUM(AP33:AQ33) -> 0.3424 | AS33: 1.5881 | AT33: =AR33/AS33 -> 0.21560355 | AV33: 0.0368 | AW33: 0.0748 | AX33: =SUM(AV33:AW33) -> 0.1116 | AY33: 3.4337 | AZ33: =AX33/AY33 -> 0.032501383 | BB33: 0.2424 | BC33: 0.0825 | BD33: 0.3249 | BE33: 2.0247 | BF33: =BD33/BE33 -> 0.16046822 | BH33: 0.5578 | BI33: 0.6755 | BJ33: 1.2333 | BK33: 16.8148 | BL33: =BJ33/BK33 -> 0.0733461 | BN33: 0.0688 | BO33: 0.0629 | BP33: =SUM(BN33:BO33) -> 0.1317 | BQ33: 1.389 | BR33: =BP33/BQ33 -> 0.094816415 | BU33: 0.0257 | BV33: 0.0562 | BW33: =SUM(BU33:BV33) -> 0.0819 | BX33: 0.5741 | BY33: =BW33/BX33 -> 0.14265807 | CB33: 0.1816 | CC33: 0.1176 | CD33: =CC33+CB33 -> 0.2992 | CE33: 10.0597 | CF33: =CD33/CE33 -> 0.029742438
C34: 43983 | D34: =AD34+AJ34+AP34+AV34+BB34+BH34+BN34+BU34+CB34 -> 4.2323 | E34: =D34/D22-1 -> 0.59900656 | F34: =D34/D33-1 -> 1.1680754 | G34: =G33+D34 -> 18.2742 | H34: =G34/G22-1 -> 0.42143404 | I34: =AE34+AK34+AQ34+AW34+BC34+BI34+BO34+BV34+CC34 -> 3.4902 | J34: =I34/I22-1 -> 2.1755293 | K34: =I34/I33-1 -> 0.9225515 | L34: =L33+I34 -> 14.388 | M34: =L34/L22-1 -> 1.0968516 | N34: =AF34+AL34+BD34+BJ34+AR34+AX34+BP34+BW34+CD34 -> 7.7225 | O34: =N34/N22-1 -> 1.0615745 | P34: =N34/N33-1 -> 1.0497678 | Q34: =Q33+N34 -> 32.6622 | R34: =Q34/Q22-1 -> 0.65647563 | S34: =AG34+AM34+AS34+AY34+BE34+BK34+BQ34+BX34+CE34 -> 88.6971 | T34: =S34/S22-1 -> -0.25131426 | U34: =S34/S33-1 -> 0.9150878 | V34: =V33+S34 -> 389.27919 | W34: =V34/V22-1 -> -0.41389207 | X34: =N34/S34 -> 0.087065981 | Y34: =X34-X22 -> 0.055446916 | Z34: =X34-X33 -> 0.0057206685 | AA34: =Q34/V34 -> 0.083904305 | AB34: =AA34-AA22 -> 0.054216588 | AD34: 1.3725 | AE34: 0.7265 | AF34: =SUM(AD34:AE34) -> 2.099 | AG34: 23.382 | AH34: =AF34/AG34 -> 0.089769908 | AJ34: 0.5041 | AK34: 0.2546 | AL34: 0.7587 | AM34: 1.1443 | AN34: =AL34/AM34 -> 0.66302543 | AP34: 0.1697 | AQ34: 0.4694 | AR34: =SUM(AP34:AQ34) -> 0.6391 | AS34: 2.4747 | AT34: =AR34/AS34 -> 0.25825353 | AV34: 0.0776 | AW34: 0.1454 | AX34: =SUM(AV34:AW34) -> 0.223 | AY34: 8.2651 | AZ34: =AX34/AY34 -> 0.02698092 | BB34: 0.8903 | BC34: 0.4926 | BD34: 1.3829 | BE34: 14.5377 | BF34: =BD34/BE34 -> 0.095125089 | BH34: 0.8119 | BI34: 1.0479 | BJ34: 1.8598 | BK34: 22.0272 | BL34: =BJ34/BK34 -> 0.084431975 | BN34: 0.1347 | BO34: 0.1074 | BP34: =SUM(BN34:BO34) -> 0.2421 | BQ34: 2.4477 | BR34: =BP34/BQ34 -> 0.09890918 | BU34: 0.0487 | BV34: 0.0819 | BW34: =SUM(BU34:BV34) -> 0.1306 | BX34: 1.1076 | BY34: =BW34/BX34 -> 0.1179126 | CB34: 0.2228 | CC34: 0.1645 | CD34: =CC34+CB34 -> 0.3873 | CE34: 13.3108 | CF34: =CD34/CE34 -> 0.029096673
C35: 44013 | D35: =AD35+AJ35+AP35+AV35+BB35+BH35+BN35+BU35+CB35 -> 4.52 | E35: =D35/D23-1 -> 1.4096814 | F35: =D35/D34-1 -> 0.067977223 | G35: =G34+D35 -> 22.7942 | H35: =G35/G23-1 -> 0.54726415 | I35: =AE35+AK35+AQ35+AW35+BC35+BI35+BO35+BV35+CC35 -> 4.8019 | J35: =I35/I23-1 -> 3.799614 | K35: =I35/I34-1 -> 0.37582374 | L35: =L34+I35 -> 19.1899 | M35: =L35/L23-1 -> 1.4407824 | N35: =AF35+AL35+BD35+BJ35+AR35+AX35+BP35+BW35+CD35 -> 9.3219 | O35: =N35/N23-1 -> 2.2409989 | P35: =N35/N34-1 -> 0.2071091 | Q35: =Q34+N35 -> 41.9841 | R35: =Q35/Q23-1 -> 0.85818614 | S35: =AG35+AM35+AS35+AY35+BE35+BK35+BQ35+BX35+CE35 -> 99.4162 | T35: =S35/S23-1 -> -0.015785879 | U35: =S35/S34-1 -> 0.12085063 | V35: =V34+S35 -> 488.69539 | W35: =V35/V23-1 -> -0.36133893 | X35: =N35/S35 -> 0.093766408 | Y35: =X35-X23 -> 0.065291785 | Z35: =X35-X34 -> 0.0067004276 | AA35: =Q35/V35 -> 0.08591057 | AB35: =AA35-AA23 -> 0.056382992 | AD35: 0.9967 | AE35: 0.7 | AF35: =SUM(AD35:AE35) -> 1.6967 | AG35: 17.8982 | AH35: =AF35/AG35 -> 0.094797242 | AJ35: 0.4408 | AK35: 0.2278 | AL35: 0.6686 | AM35: 0.9772 | AN35: =AL35/AM35 -> 0.68419975 | AP35: 0.1303 | AQ35: 0.5406 | AR35: =SUM(AP35:AQ35) -> 0.6709 | AS35: 2.2718 | AT35: =AR35/AS35 -> 0.29531649 | AV35: 0.1496 | AW35: 0.2388 | AX35: =SUM(AV35:AW35) -> 0.3884 | AY35: 11.7929 | AZ35: =AX35/AY35 -> 0.032935071 | BB35: 0.8162 | BC35: 0.7447 | BD35: 1.5609 | BE35: 17.4887 | BF35: =BD35/BE35 -> 0.089251917 | BH35: 1.6798 | BI35: 1.9119 | BJ35: 3.5917 | BK35: 31.4938 | BL35: =BJ35/BK35 -> 0.11404467 | BN35: 0.1004 | BO35: 0.1219 | BP35: =SUM(BN35:BO35) -> 0.2223 | BQ35: 2.2641 | BR35: =BP35/BQ35 -> 0.098184709 | BU35: 0.0454 | BV35: 0.1068 | BW35: =SUM(BU35:BV35) -> 0.1522 | BX35: 1.5209 | BY35: =BW35/BX35 -> 0.10007233 | CB35: 0.1608 | CC35: 0.2094 | CD35: =SUM(CB35:CC35) -> 0.3702 | CE35: 13.7086 | CF35: =CD35/CE35 -> 0.027004946
C36: 44044 | D36: =AD36+AJ36+AP36+AV36+BB36+BH36+BN36+BU36+CB36 -> 4.0226 | E36: =D36/D24-1 -> 1.23971 | F36: =D36/D35-1 -> -0.11004425 | G36: =G35+D36 -> 26.8168 | H36: =G36/G24-1 -> 0.62250978 | I36: =AE36+AK36+AQ36+AW36+BC36+BI36+BO36+BV36+CC36 -> 3.8158 | J36: =I36/I24-1 -> 2.4014836 | K36: =I36/I35-1 -> -0.20535621 | L36: =L35+I36 -> 23.0057 | M36: =L36/L24-1 -> 1.5607422 | N36: =AF36+AL36+BD36+BJ36+AR36+AX36+BP36+BW36+CD36 -> 7.8384 | O36: =N36/N24-1 -> 1.6863701 | P36: =N36/N35-1 -> -0.15914138 | Q36: =Q35+N36 -> 49.8225 | R36: =Q36/Q24-1 -> 0.95290673 | S36: =AG36+AM36+AS36+AY36+BE36+BK36+BQ36+BX36+CE36 -> 66.5009 | T36: =S36/S24-1 -> -0.13991324 | U36: =S36/S35-1 -> -0.33108588 | V36: =V35+S36 -> 555.19629 | W36: =V36/V24-1 -> -0.34101816 | X36: =N36/S36 -> 0.11786908 | Y36: =X36-X24 -> 0.080131304 | Z36: =X36-X35 -> 0.024102673 | AA36: =Q36/V36 -> 0.089738531 | AB36: =AA36-AA24 -> 0.059457483 | AD36: 0.559 | AE36: 0.5266 | AF36: =SUM(AD36:AE36) -> 1.0856 | AG36: 10.3631 | AH36: =AF36/AG36 -> 0.1047563 | AJ36: 0.5704 | AK36: 0.2831 | AL36: 0.8535 | AM36: 1.0802 | AN36: =AL36/AM36 -> 0.79013146 | AP36: 0.2115 | AQ36: 0.5292 | AR36: =SUM(AP36:AQ36) -> 0.7407 | AS36: 2.5522 | AT36: =AR36/AS36 -> 0.2902202 | AV36: 0.1201 | AW36: 0.1334 | AX36: =SUM(AV36:AW36) -> 0.2535 | AY36: 6.6925 | AZ36: =AX36/AY36 -> 0.037878222 | BB36: 0.5589 | BC36: 0.2922 | BD36: 0.8511 | BE36: 8.7226 | BF36: =BD36/BE36 -> 0.097574118 | BH36: 1.6076 | BI36: 1.7095 | BJ36: 3.3171 | BK36: 25.1044 | BL36: =BJ36/BK36 -> 0.13213222 | BN36: 0.1608 | BO36: 0.0938 | BP36: =SUM(BN36:BO36) -> 0.2546 | BQ36: 1.626 | BR36: =BP36/BQ36 -> 0.15658057 | BU36: 0.0466 | BV36: 0.0882 | BW36: =SUM(BU36:BV36) -> 0.1348 | BX36: 1.4377 | BY36: =BW36/BX36 -> 0.093760868 | CB36: 0.1877 | CC36: 0.1598 | CD36: =SUM(CB36:CC36) -> 0.3475 | CE36: 8.9222 | CF36: =CD36/CE36 -> 0.038947793
C37: 44075 | D37: =AD37+AJ37+AP37+AV37+BB37+BH37+BN37+BU37+CB37 -> 7.6098 | E37: =D37/D25-1 -> 1.5443219 | F37: =D37/D36-1 -> 0.89176155 | G37: =G36+D37 -> 34.4266 | H37: =G37/G25-1 -> 0.76375994 | I37: =AE37+AK37+AQ37+AW37+BC37+BI37+BO37+BV37+CC37 -> 5.7193 | J37: =I37/I25-1 -> 2.7540915 | K37: =I37/I36-1 -> 0.4988469 | L37: =L36+I37 -> 28.725 | M37: =L37/L25-1 -> 1.7337665 | N37: =AF37+AL37+BD37+BJ37+AR37+AX37+BP37+BW37+CD37 -> 13.3291 | O37: =N37/N25-1 -> 1.9525874 | P37: =N37/N36-1 -> 0.70048734 | Q37: =Q36+N37 -> 63.1516 | R37: =Q37/Q25-1 -> 1.103206 | S37: =AG37+AM37+AS37+AY37+BE37+BK37+BQ37+BX37+CE37 -> 107.0968 | T37: =S37/S25-1 -> 0.0075178139 | U37: =S37/S36-1 -> 0.6104564 | V37: =V36+S37 -> 662.29309 | W37: =V37/V25-1 -> -0.30197051 | X37: =N37/S37 -> 0.12445843 | Y37: =X37-X25 -> 0.081989212 | Z37: =X37-X36 -> 0.0065893524 | AA37: =Q37/V37 -> 0.09535295 | AB37: =AA37-AA25 -> 0.06370642 | AD37: 1.0009 | AE37: 0.7839 | AF37: =SUM(AD37:AE37) -> 1.7848 | AG37: 16.8291 | AH37: =AF37/AG37 -> 0.10605439 | AJ37: 0.956 | AK37: 0.3129 | AL37: 1.2689 | AM37: 1.5552 | AN37: =AL37/AM37 -> 0.81590792 | AP37: 0.3668 | AQ37: 0.6217 | AR37: =SUM(AP37:AQ37) -> 0.9885 | AS37: 2.8719 | AT37: =AR37/AS37 -> 0.34419722 | AV37: 0.2045 | AW37: 0.1969 | AX37: =SUM(AV37:AW37) -> 0.4014 | AY37: 7.0729 | AZ37: =AX37/AY37 -> 0.056751827 | BB37: 2.1903 | BC37: 1.24 | BD37: 3.4303 | BE37: 32.8041 | BF37: =BD37/BE37 -> 0.10456925 | BH37: 2.1188 | BI37: 2.0127 | BJ37: 4.1315 | BK37: 26.5227 | BL37: =BJ37/BK37 -> 0.15577223 | BN37: 0.2869 | BO37: 0.1462 | BP37: =SUM(BN37:BO37) -> 0.4331 | BQ37: 2.1454 | BR37: =BP37/BQ37 -> 0.20187378 | BU37: 0.0767 | BV37: 0.1176 | BW37: =SUM(BU37:BV37) -> 0.1943 | BX37: 1.5702 | BY37: =BW37/BX37 -> 0.1237422 | CB37: 0.4089 | CC37: 0.2874 | CD37: =SUM(CB37:CC37) -> 0.6963 | CE37: 15.7253 | CF37: =CD37/CE37 -> 0.044278964
C38: 44105 | D38: =AD38+AJ38+AP38+AV38+BB38+BH38+BN38+BU38+CB38 -> 5.9507 | E38: =D38/D26-1 -> 1.9753404 | F38: =D38/D37-1 -> -0.2180215 | G38: =G37+D38 -> 40.3773 | H38: =G38/G26-1 -> 0.8763666 | I38: =AE38+AK38+AQ38+AW38+BC38+BI38+BO38+BV38+CC38 -> 6.2179 | J38: =I38/I26-1 -> 2.0783754 | K38: =I38/I37-1 -> 0.087178501 | L38: =L37+I38 -> 34.9429 | M38: =L38/L26-1 -> 1.78933 | N38: =AF38+AL38+BD38+BJ38+AR38+AX38+BP38+BW38+CD38 -> 12.1686 | O38: =N38/N26-1 -> 2.0271124 | P38: =N38/N37-1 -> -0.087065143 | Q38: =Q37+N38 -> 75.3202 | R38: =Q38/Q26-1 -> 1.2122925 | S38: =AG38+AM38+AS38+AY38+BE38+BK38+BQ38+BX38+CE38 -> 89.7001 | T38: =S38/S26-1 -> -0.057072201 | U38: =S38/S37-1 -> -0.16243903 | V38: =V37+S38 -> 751.99319 | W38: =V38/V26-1 -> -0.27965393 | X38: =N38/S38 -> 0.13565871 | Y38: =X38-X26 -> 0.093401816 | Z38: =X38-X37 -> 0.011200278 | AA38: =Q38/V38 -> 0.10016075 | AB38: =AA38-AA26 -> 0.067547338 | AD38: 1.0004 | AE38: 1.0199 | AF38: =SUM(AD38:AE38) -> 2.0203 | AG38: 17.1049 | AH38: =AF38/AG38 -> 0.11811235 | AJ38: 0.7873 | AK38: 0.2372 | AL38: 1.0245 | AM38: 1.2948 | AN38: =AL38/AM38 -> 0.79124189 | AP38: 0.233 | AQ38: 0.784 | AR38: =SUM(AP38:AQ38) -> 1.017 | AS38: 2.8147 | AT38: =AR38/AS38 -> 0.36131737 | AV38: 0.1808 | AW38: 0.2516 | AX38: =SUM(AV38:AW38) -> 0.4324 | AY38: 7.4228 | AZ38: =AX38/AY38 -> 0.05825295 | BB38: 0.9335 | BC38: 0.7775 | BD38: 1.711 | BE38: 14.0945 | BF38: =BD38/BE38 -> 0.12139487 | BH38: 2.3158 | BI38: 2.4859 | BJ38: 4.8017 | BK38: 27.4303 | BL38: =BJ38/BK38 -> 0.17505095 | BN38: 0.1492 | BO38: 0.1532 | BP38: =SUM(BN38:BO38) -> 0.3024 | BQ38: 2.0975 | BR38: =BP38/BQ38 -> 0.14417163 | BU38: 0.0618 | BV38: 0.1433 | BW38: =SUM(BU38:BV38) -> 0.2051 | BX38: 1.6156 | BY38: =BW38/BX38 -> 0.12694974 | CB38: 0.2889 | CC38: 0.3653 | CD38: =SUM(CB38:CC38) -> 0.6542 | CE38: 15.825 | CF38: =CD38/CE38 -> 0.041339652
C39: 44136 | D39: =AD39+AJ39+AP39+AV39+BB39+BH39+BN39+BU39+CB39 -> 6.8395 | E39: =D39/D27-1 -> 2.3747702 | F39: =D39/D38-1 -> 0.14936058 | G39: =G38+D39 -> 47.2168 | H39: =G39/G27-1 -> 1.0053401 | I39: =AE39+AK39+AQ39+AW39+BC39+BI39+BO39+BV39+CC39 -> 6.9226 | J39: =I39/I27-1 -> 2.1795689 | K39: =I39/I38-1 -> 0.11333408 | L39: =L38+I39 -> 41.8655 | M39: =L39/L27-1 -> 1.8471103 | N39: =AF39+AL39+BD39+BJ39+AR39+AX39+BP39+BW39+CD39 -> 13.7621 | O39: =N39/N27-1 -> 2.2736741 | P39: =N39/N38-1 -> 0.13095179 | Q39: =Q38+N39 -> 89.0823 | R39: =Q39/Q27-1 -> 1.3289435 | S39: =AG39+AM39+AS39+AY39+BE39+BK39+BQ39+BX39+CE39 -> 82.217 | T39: =S39/S27-1 -> -0.13672439 | U39: =S39/S38-1 -> -0.083423541 | V39: =V38+S39 -> 834.21019 | W39: =V39/V27-1 -> -0.26770456 | X39: =N39/S39 -> 0.16738752 | Y39: =X39-X27 -> 0.12324704 | Z39: =X39-X38 -> 0.031728812 | AA39: =Q39/V39 -> 0.1067864 | AB39: =AA39-AA27 -> 0.073209286 | AD39: 0.9629 | AE39: 0.8985 | AF39: =SUM(AD39:AE39) -> 1.8614 | AG39: 12.6048 | AH39: =AF39/AG39 -> 0.1476739 | AJ39: 0.7035 | AK39: 0.2983 | AL39: 1.0018 | AM39: 1.2533 | AN39: =AL39/AM39 -> 0.79932977 | AP39: 0.2709 | AQ39: 0.7571 | AR39: =SUM(AP39:AQ39) -> 1.028 | AS39: 2.6571 | AT39: =AR39/AS39 -> 0.38688796 | AV39: 0.1873 | AW39: 0.3037 | AX39: =SUM(AV39:AW39) -> 0.491 | AY39: 7.5708 | AZ39: =AX39/AY39 -> 0.064854441 | BB39: 1.0345 | BC39: 0.7717 | BD39: 1.8062 | BE39: 11.3781 | BF39: =BD39/BE39 -> 0.15874355 | BH39: 2.8965 | BI39: 3.0621 | BJ39: 5.9586 | BK39: 29.015 | BL39: =BJ39/BK39 -> 0.20536274 | BN39: 0.22 | BO39: 0.1874 | BP39: =SUM(BN39:BO39) -> 0.4074 | BQ39: 2.2846 | BR39: =BP39/BQ39 -> 0.17832443 | BU39: 0.0829 | BV39: 0.1498 | BW39: =SUM(BU39:BV39) -> 0.2327 | BX39: 1.4627 | BY39: =BW39/BX39 -> 0.15908936 | CB39: 0.481 | CC39: 0.494 | CD39: =SUM(CB39:CC39) -> 0.975 | CE39: 13.9906 | CF39: =CD39/CE39 -> 0.069689649 | CI39: 0.1738 | CJ39: 0.2219 | CK39: 0.3957 | CL39: 1.8165 | CM39: =CK39/CL39 -> 0.2178365
C40: 44166 | D40: =AD40+AJ40+AP40+AV40+BB40+BH40+BN40+BU40+CB40+CI40 -> 12.7898 | E40: =D40/D28-1 -> 3.9420288 | F40: =D40/D39-1 -> 0.8699905 | G40: =D40+G39 -> 60.0066 | H40: =G40/G28-1 -> 1.2961565 | I40: =AE40+AK40+AQ40+AW40+BC40+BI40+BO40+BV40+CC40+CJ40 -> 9.9876 | J40: =I40/I28-1 -> 3.6885608 | K40: =I40/I39-1 -> 0.44275272 | L40: =L39+I40 -> 51.8531 | M40: =L40/L28-1 -> 2.0801203 | N40: =AF40+AL40+BD40+BJ40+AR40+AX40+BP40+BW40+CD40+CK40 -> 22.7774 | O40: =N40/N28-1 -> 3.8275906 | P40: =N40/N39-1 -> 0.65508171 | Q40: =Q39+N40 -> 111.8597 | R40: =Q40/Q28-1 -> 1.6033098 | S40: =AG40+AM40+AS40+AY40+BE40+BK40+BQ40+BX40+CE40+CL40 -> 98.2428 | T40: =S40/S28-1 -> -0.021039442 | U40: =S40/S39-1 -> 0.19492076 | V40: =V39+S40 -> 932.45299 | W40: =V40/V28-1 -> -0.24773412 | X40: =N40/S40 -> 0.23184803 | Y40: =X40-X28 -> 0.18483285 | Z40: =X40-X39 -> 0.06446051 | AA40: =Q40/V40 -> 0.11996283 | AB40: =AA40-AA28 -> 0.08529775 | AD40: 2.0744 | AE40: 1.5119 | AF40: =SUM(AD40:AE40) -> 3.5863 | AG40: 18.6323 | AH40: =AF40/AG40 -> 0.19247758 | AJ40: 1.3718 | AK40: 0.4192 | AL40: 1.791 | AM40: 2.0574 | AN40: =AL40/AM40 -> 0.87051619 | AP40: 0.6592 | AQ40: 1.0337 | AR40: =SUM(AP40:AQ40) -> 1.6929 | AS40: 3.4302 | AT40: =AR40/AS40 -> 0.49352807 | AV40: 0.4324 | AW40: 0.6494 | AX40: =SUM(AV40:AW40) -> 1.0818 | AY40: 10.5841 | AZ40: =AX40/AY40 -> 0.10220992 | BB40: 2.1914 | BC40: 0.9108 | BD40: 3.1022 | BE40: 13.2682 | BF40: =BD40/BE40 -> 0.23380715 | BH40: 4.3651 | BI40: 3.9705 | BJ40: 8.3356 | BK40: 31.1394 | BL40: =BJ40/BK40 -> 0.2676866 | BN40: 0.4643 | BO40: 0.2994 | BP40: =SUM(BN40:BO40) -> 0.7637 | BQ40: 2.9451 | BR40: =BP40/BQ40 -> 0.25931208 | BU40: 0.1213 | BV40: 0.2054 | BW40: =SUM(BU40:BV40) -> 0.3267 | BX40: 1.7925 | BY40: =BW40/BX40 -> 0.18225941 | CB40: 0.7255 | CC40: 0.6374 | CD40: =SUM(CB40:CC40) -> 1.3629 | CE40: 12.1206 | CF40: =CD40/CE40 -> 0.11244493 | CI40: 0.3844 | CJ40: 0.3499 | CK40: 0.7343 | CL40: 2.273 | CM40: =CK40/CL40 -> 0.32305323
C41: 44197 | D41: =AD41+AJ41+AP41+AV41+BB41+BH41+BN41+BU41+CB41+CI41 -> 4.0754 | E41: =D41/D29-1 -> 0.22017964 | F41: =D41/D40-1 -> -0.68135546 | G41: =D41 -> 4.0754 | H41: =G41/G29-1 -> 0.22017964 | I41: =AE41+AK41+AQ41+AW41+BC41+BI41+BO41+BV41+CC41+CJ41 -> 5.2341 | J41: =I41/I29-1 -> 0.91964351 | K41: =I41/I40-1 -> -0.47594017 | L41: =I41 -> 5.2341 | M41: =L41/L29-1 -> 0.91964351 | N41: =AF41+AL41+BD41+BJ41+AR41+AX41+BP41+BW41+CD41+CK41 -> 9.3095 | O41: =N41/N29-1 -> 0.53454983 | P41: =N41/N40-1 -> -0.59128347 | Q41: =N41 -> 9.3095 | R41: =Q41/Q29-1 -> 0.53454983 | S41: =AG41+AM41+AS41+AY41+BE41+BK41+BQ41+BX41+CE41+CL41 -> 64.1161 | T41: =S41/S29-1 -> -0.23187976 | U41: =S41/S40-1 -> -0.347371 | V41: =S41 -> 64.1161 | W41: =V41/V29-1 -> -0.23187976 | X41: =N41/S41 -> 0.14519754 | Y41: =X41-X29 -> 0.072518787 | Z41: =X41-X40 -> -0.086650494 | AA41: =Q41/V41 -> 0.14519754 | AB41: =AA41-AA29 -> 0.072518787 | AD41: 0.6469 | AE41: 0.8185 | AF41: =SUM(AD41:AE41) -> 1.4654 | AG41: 12.6381 | AH41: =AF41/AG41 -> 0.11595097 | AJ41: 0.5461 | AK41: 0.2848 | AL41: 0.8309 | AM41: 1.0301 | AN41: =AL41/AM41 -> 0.80662072 | AP41: 0.1106 | AQ41: 0.5787 | AR41: =SUM(AP41:AQ41) -> 0.6893 | AS41: 2.0573 | AT41: =AR41/AS41 -> 0.33505079 | AV41: 0.0617 | AW41: 0.144 | AX41: =SUM(AV41:AW41) -> 0.2057 | AY41: 5.3717 | AZ41: =AX41/AY41 -> 0.038293278 | BB41: 0.626 | BC41: 0.6124 | BD41: 1.2384 | BE41: 9.0249 | BF41: =BD41/BE41 -> 0.13722036 | BH41: 1.6315 | BI41: 2.0588 | BJ41: 3.6903 | BK41: 16.9754 | BL41: =BJ41/BK41 -> 0.21739105 | BN41: 0.1032 | BO41: 0.1156 | BP41: =SUM(BN41:BO41) -> 0.2188 | BQ41: 1.513 | BR41: =BP41/BQ41 -> 0.14461335 | BU41: 0.0424 | BV41: 0.1 | BW41: =SUM(BU41:BV41) -> 0.1424 | BX41: 1.0029 | BY41: =BW41/BX41 -> 0.14198823 | CB41: 0.2494 | CC41: 0.376 | CD41: =SUM(CB41:CC41) -> 0.6254 | CE41: 13.4772 | CF41: =CD41/CE41 -> 0.046404298 | CI41: 0.0576 | CJ41: 0.1453 | CK41: 0.2029 | CL41: 1.0255 | CM41: =CK41/CL41 -> 0.19785471
C42: 44228 | D42: =AD42+AJ42+AP42+AV42+BB42+BH42+BN42+BU42+CB42+CI42 -> 5.23195 | E42: =D42/D30-1 -> 0.61554732 | F42: =D42/D41-1 -> 0.28378809 | G42: =D42+G41 -> 9.30735 | H42: =G42/G30-1 -> 0.41481341 | I42: =AE42+AK42+AQ42+AW42+BC42+BI42+BO42+BV42+CC42+CJ42 -> 5.82415 | J42: =I42/I30-1 -> 1.4083654 | K42: =I42/I41-1 -> 0.11273189 | L42: =L41+I42 -> 11.05825 | M42: =L42/L30-1 -> 1.1493615 | N42: =AF42+AL42+BD42+BJ42+AR42+AX42+BP42+BW42+CD42+CK42 -> 11.0561 | O42: =N42/N30-1 -> 0.95447956 | P42: =N42/N41-1 -> 0.1876148 | Q42: =Q41+N42 -> 20.3656 | R42: =Q42/Q30-1 -> 0.73717522 | S42: =AG42+AM42+AS42+AY42+BE42+BK42+BQ42+BX42+CE42+CL42 -> 68.33735 | T42: =S42/S30-1 -> -0.17367926 | U42: =S42/S41-1 -> 0.065837598 | V42: =V41+S42 -> 132.45345 | W42: =V42/V30-1 -> -0.20291448 | X42: =N42/S42 -> 0.16178708 | Y42: =X42-X30 -> 0.09338625 | Z42: =X42-X41 -> 0.016589535 | AA42: =Q42/V42 -> 0.15375666 | AB42: =AA42-AA30 -> 0.08320695 | AD42: 0.8426 | AE42: 0.9043 | AF42: =SUM(AD42:AE42) -> 1.7469 | AG42: 13.2617 | AH42: =AF42/AG42 -> 0.13172519 | AJ42: 0.5074 | AK42: 0.3378 | AL42: 0.8452 | AM42: 1.0687 | AN42: =AL42/AM42 -> 0.79086741 | AP42: 0.1394 | AQ42: 0.656 | AR42: =SUM(AP42:AQ42) -> 0.7954 | AS42: 2.2837 | AT42: =AR42/AS42 -> 0.34829443 | AV42: 0.0926 | AW42: 0.2156 | AX42: =SUM(AV42:AW42) -> 0.3082 | AY42: 5.8279 | AZ42: =AX42/AY42 -> 0.052883543 | BB42: 1.25495 | BC42: 0.67905 | BD42: 1.934 | BE42: 8.61175 | BF42: =BD42/BE42 -> 0.22457689 | BH42: 1.8278 | BI42: 2.1879 | BJ42: 4.0157 | BK42: 19.4349 | BL42: =BJ42/BK42 -> 0.20662314 | BN42: 0.138 | BO42: 0.1169 | BP42: =SUM(BN42:BO42) -> 0.2549 | BQ42: 1.6131 | BR42: =BP42/BQ42 -> 0.15801872 | BU42: 0.0489 | BV42: 0.0991 | BW42: =SUM(BU42:BV42) -> 0.148 | BX42: 0.8311 | BY42: =BW42/BX42 -> 0.17807725 | CB42: 0.3457 | CC42: 0.4913 | CD42: =SUM(CB42:CC42) -> 0.837 | CE42: 14.4138 | CF42: =CD42/CE42 -> 0.05806935 | CI42: 0.0346 | CJ42: 0.1362 | CK42: 0.1708 | CL42: 0.9907 | CM42: =CK42/CL42 -> 0.17240335
C43: 44256 | D43: =AD43+AJ43+AP43+AV43+BB43+BH43+BN43+BU43+CB43+CI43 -> 8.41479 | E43: =D43/D31-1 -> 1.0128187 | F43: =D43/D42-1 -> 0.60834679 | G43: =D43+G42 -> 17.72214 | H43: =G43/G31-1 -> 0.64717681 | I43: =AE43+AK43+AQ43+AW43+BC43+BI43+BO43+BV43+CC43+CJ43 -> 9.46353 | J43: =I43/I31-1 -> 2.4136024 | K43: =I43/I42-1 -> 0.62487745 | L43: =L42+I43 -> 20.52178 | M43: =L43/L31-1 -> 1.5920502 | N43: =AF43+AL43+BD43+BJ43+AR43+AX43+BP43+BW43+CD43+CK43 -> 17.87832 | O43: =N43/N31-1 -> 1.5713472 | P43: =N43/N42-1 -> 0.61705484 | Q43: =Q42+N43 -> 38.24392 | R43: =Q43/Q31-1 -> 1.0477247 | S43: =AG43+AM43+AS43+AY43+BE43+BK43+BQ43+BX43+CE43+CL43 -> 92.90968 | T43: =S43/S31-1 -> 0.38416024 | U43: =S43/S42-1 -> 0.35957394 | V43: =V42+S43 -> 225.36313 | W43: =V43/V31-1 -> -0.034002186 | X43: =N43/S43 -> 0.19242688 | Y43: =X43-X31 -> 0.088843189 | Z43: =X43-X42 -> 0.030639806 | AA43: =Q43/V43 -> 0.1696991 | AB43: =AA43-AA31 -> 0.089644899 | AD43: 1.5544 | AE43: 1.3918 | AF43: =SUM(AD43:AE43) -> 2.9462 | AG43: 18.2624 | AH43: 0.161326 | AJ43: 0.8624 | AK43: 0.4379 | AL43: 1.3003 | AM43: 1.5321 | AN43: 0.84870439 | AP43: 0.2609 | AQ43: 1.4933 | AR43: =SUM(AP43:AQ43) -> 1.7542 | AS43: 4.746 | AT43: =AR43/AS43 -> 0.36961652 | AV43: 0.2025 | AW43: 0.3551 | AX43: =SUM(AV43:AW43) -> 0.5576 | AY43: 8.5819 | AZ43: =AX43/AY43 -> 0.064973957 | BB43: 1.27839 | BC43: 0.64343 | BD43: 1.92182 | BE43: 7.27988 | BF43: =BD43/BE43 -> 0.26399062 | BH43: 3.0101 | BI43: 3.558 | BJ43: 6.5681 | BK43: 29.2349 | BL43: =BJ43/BK43 -> 0.22466641 | BN43: 0.2324 | BO43: 0.199 | BP43: =SUM(BN43:BO43) -> 0.4314 | BQ43: 2.5236 | BR43: =BP43/BQ43 -> 0.17094627 | BU43: 0.0707 | BV43: 0.1415 | BW43: =SUM(BU43:BV43) -> 0.2122 | BX43: 1.2699 | BY43: =BW43/BX43 -> 0.16709977 | CB43: 0.7362 | CC43: 0.7732 | CD43: =SUM(CB43:CC43) -> 1.5094 | CE43: 17.1064 | CF43: =CD43/CE43 -> 0.088235982 | CI43: 0.2068 | CJ43: 0.4703 | CK43: 0.6771 | CL43: 2.3726 | CM43: =CK43/CL43 -> 0.28538312
C44: 44287 | D44: =AD44+AJ44+AP44+AV44+BB44+BH44+BN44+BU44+CB44+CI44 -> 6.87443 | E44: =D44/D32-1 -> 4.1660254 | F44: =D44/D43-1 -> -0.18305388 | G44: =D44+G43 -> 24.59657 | H44: =G44/G32-1 -> 1.0344894 | I44: =AE44+AK44+AQ44+AW44+BC44+BI44+BO44+BV44+CC44+CJ44 -> 6.80571 | J44: =I44/I32-1 -> 4.8408084 | K44: =I44/I43-1 -> -0.28084869 | L44: =L43+I44 -> 27.32749 | M44: =L44/L32-1 -> 2.0088402 | N44: =AF44+AL44+BD44+BJ44+AR44+AX44+BP44+BW44+CD44+CK44 -> 13.68014 | O44: =N44/N32-1 -> 4.4810449 | P44: =N44/N43-1 -> -0.2348196 | Q44: =Q43+N44 -> 51.92406 | R44: =Q44/Q32-1 -> 1.4524641 | S44: =AG44+AM44+AS44+AY44+BE44+BK44+BQ44+BX44+CE44+CL44 -> 74.17951 | T44: =S44/S32-1 -> 2.537158 | U44: =S44/S43-1 -> -0.20159546 | V44: =V43+S44 -> 299.54264 | W44: =V44/V32-1 -> 0.17806248 | X44: =N44/S44 -> 0.18441939 | Y44: =X44-X32 -> 0.06540549 | Z44: =X44-X43 -> -0.0080074915 | AA44: =Q44/V44 -> 0.17334447 | AB44: =AA44-AA32 -> 0.090076944 | AD44: 0.9598 | AE44: 1.1222 | AF44: 2.082 | AG44: 14.038 | AH44: =AF44/AG44 -> 0.14831173 | AJ44: 0.7229 | AK44: 0.3316 | AL44: 1.0545 | AM44: 1.3166 | AN44: =AL44/AM44 -> 0.80092663 | AP44: 0.4869 | AQ44: 0.4563 | AR44: 0.9432 | AS44: 2.1873 | AT44: =AR44/AS44 -> 0.43121657 | AV44: 0.1445 | AW44: 0.3055 | AX44: 0.45 | AY44: 7.8595 | AZ44: =AX44/AY44 -> 0.057255551 | BB44: 1.30183 | BC44: 0.60781 | BD44: 1.90964 | BE44: 5.94801 | BF44: =BD44/BE44 -> 0.32105528 | BH44: 2.3816 | BI44: 2.6988 | BJ44: 5.0804 | BK44: 22.965 | BL44: =BJ44/BK44 -> 0.2212236 | BN44: 0.1974 | BO44: 0.1918 | BP44: 0.3892 | BQ44: 2.2054 | BR44: =BP44/BQ44 -> 0.17647592 | BU44: 0.0938 | BV44: 0.141 | BW44: 0.2348 | BX44: 1.4809 | BY44: =BW44/BX44 -> 0.15855223 | CB44: 0.4851 | CC44: 0.6673 | CD44: 1.1524 | CE44: 14.627 | CF44: =CD44/CE44 -> 0.078785807 | CI44: 0.1006 | CJ44: 0.2834 | CK44: 0.384 | CL44: 1.5518 | CM44: =CK44/CL44 -> 0.24745457
C45: 44317 | D45: =AD45+AJ45+AP45+AV45+BB45+BH45+BN45+BU45+CB45+CI45 -> 7.4826 | E45: =D45/D33-1 -> 2.8331028 | F45: =D45/D44-1 -> 0.088468426 | G45: =D45+G44 -> 32.07917 | H45: =G45/G33-1 -> 1.284532 | I45: =AE45+AK45+AQ45+AW45+BC45+BI45+BO45+BV45+CC45+CJ45 -> 7.7721 | J45: =I45/I33-1 -> 3.2812052 | K45: =I45/I44-1 -> 0.14199694 | L45: =L44+I45 -> 35.09959 | M45: =L45/L33-1 -> 2.2207959 | N45: =AF45+AL45+BD45+BJ45+AR45+AX45+BP45+BW45+CD45+CK45 -> 15.2547 | O45: =N45/N33-1 -> 3.0490246 | P45: =N45/N44-1 -> 0.11509824 | Q45: =Q44+N45 -> 67.17876 | R45: =Q45/Q33-1 -> 1.6936475 | S45: =AG45+AM45+AS45+AY45+BE45+BK45+BQ45+BX45+CE45+CL45 -> 85.9501 | T45: =S45/S33-1 -> 0.85577643 | U45: =S45/S44-1 -> 0.15867711 | V45: =V44+S45 -> 385.49274 | W45: =V45/V33-1 -> 0.28248737 | X45: =N45/S45 -> 0.17748321 | Y45: =X45-X33 -> 0.096137902 | Z45: =X45-X44 -> -0.0069361761 | AA45: =Q45/V45 -> 0.17426725 | AB45: =AA45-AA33 -> 0.091295908 | AD45: =11555/10000 -> 1.1555 | AE45: =12858/10000 -> 1.2858 | AF45: =24413/10000 -> 2.4413 | AG45: =140892/10000 -> 14.0892 | AH45: =AF45/AG45 -> 0.17327456 | AJ45: 0.8498 | AK45: 0.3221 | AL45: 1.1719 | AM45: 1.4063 | AN45: =AL45/AM45 -> 0.83332148 | AP45: =3953/10000 -> 0.3953 | AQ45: =5547/10000 -> 0.5547 | AR45: =9500/10000 -> 0.95 | AS45: =24327/10000 -> 2.4327 | AT45: =AR45/AS45 -> 0.3905126 | AV45: =1792/10000 -> 0.1792 | AW45: =4459/10000 -> 0.4459 | AX45: =6251/10000 -> 0.6251 | AY45: =95403/10000 -> 9.5403 | AZ45: =AX45/AY45 -> 0.065522049 | BB45: 1.312 | BC45: 0.9855 | BD45: 2.2975 | BE45: 15.6737 | BF45: =BD45/BE45 -> 0.14658313 | BH45: 2.6786 | BI45: 2.7222 | BJ45: 5.4008 | BK45: 23.0635 | BL45: =BJ45/BK45 -> 0.23417088 | BN45: =1919/10000 -> 0.1919 | BO45: =1837/10000 -> 0.1837 | BP45: =3756/10000 -> 0.3756 | BQ45: =19991/10000 -> 1.9991 | BR45: =BP45/BQ45 -> 0.18788455 | BU45: =888/10000 -> 0.0888 | BV45: =1471/10000 -> 0.1471 | BW45: =2359/10000 -> 0.2359 | BX45: 1.6661 | BY45: =BW45/BX45 -> 0.14158814 | CB45: =5163/10000 -> 0.5163 | CC45: =7727/10000 -> 0.7727 | CD45: =12890/10000 -> 1.289 | CE45: =143970/10000 -> 14.397 | CF45: =CD45/CE45 -> 0.089532542 | CI45: 0.1152 | CJ45: 0.3524 | CK45: 0.4676 | CL45: 1.6822 | CM45: =CK45/CL45 -> 0.27796933
C46: 44348 | D46: =AD46+AJ46+AP46+AV46+BB46+BH46+BN46+BU46+CB46+CI46 -> 11.329466 | E46: =D46/D34-1 -> 1.6769053 | F46: =D46/D45-1 -> 0.51410824 | G46: =D46+G45 -> 43.408636 | H46: =G46/G34-1 -> 1.3754056 | I46: =AE46+AK46+AQ46+AW46+BC46+BI46+BO46+BV46+CC46+CJ46 -> 9.3230267 | J46: =I46/I34-1 -> 1.6712013 | K46: =I46/I45-1 -> 0.19955053 | L46: =L45+I46 -> 44.422617 | M46: =L46/L34-1 -> 2.0874768 | N46: =AF46+AL46+BD46+BJ46+AR46+AX46+BP46+BW46+CD46+CK46 -> 20.652493 | O46: =N46/N34-1 -> 1.6743274 | P46: =N46/N45-1 -> 0.35384459 | Q46: =Q45+N46 -> 87.831253 | R46: =Q46/Q34-1 -> 1.6890795 | S46: =AG46+AM46+AS46+AY46+BE46+BK46+BQ46+BX46+CE46+CL46 -> 104.60154 | T46: =S46/S34-1 -> 0.17931184 | U46: =S46/S45-1 -> 0.21700312 | V46: =V45+S46 -> 490.09428 | W46: =V46/V34-1 -> 0.25897887 | X46: =N46/S46 -> 0.19743966 | Y46: =X46-X34 -> 0.11037368 | Z46: =X46-X45 -> 0.01995645 | AA46: =Q46/V46 -> 0.17921297 | AB46: =AA46-AA34 -> 0.095308668 | AD46: 2.0862 | AE46: 1.6482 | AF46: 3.7344 | AG46: 19.9337 | AH46: =AF46/AG46 -> 0.18734104 | AJ46: 1.3184 | AK46: 0.4139 | AL46: 1.7323 | AM46: 2.0392 | AN46: =AL46/AM46 -> 0.8494998 | AP46: 0.86836629 | AQ46: 0.91472671 | AR46: 1.783093 | AS46: 3.6095 | AT46: =AR46/AS46 -> 0.494 | AV46: 0.2967 | AW46: 0.4472 | AX46: 0.7439 | AY46: 11.43734 | AZ46: =AX46/AY46 -> 0.065041346 | BB46: 1.9842 | BC46: 1.2139 | BD46: 3.1981 | BE46: 18.6128 | BF46: =BD46/BE46 -> 0.17182262 | BH46: 3.342 | BI46: 3.1314 | BJ46: 6.4734 | BK46: 27.4152 | BL46: =BJ46/BK46 -> 0.23612449 | BN46: 0.369 | BO46: 0.2286 | BP46: 0.5976 | BQ46: 2.6005 | BR46: =BP46/BQ46 -> 0.22980196 | BU46: 0.1348 | BV46: 0.158 | BW46: 0.2928 | BX46: 1.8936 | BY46: =BW46/BX46 -> 0.15462611 | CB46: 0.7025 | CC46: 0.7118 | CD46: 1.4143 | CE46: 15.0331 | CF46: =CD46/CE46 -> 0.094079066 | CI46: 0.2273 | CJ46: 0.4553 | CK46: 0.6826 | CL46: 2.0266 | CM46: =CK46/CL46 -> 0.33682029
C47: 44378 | D47: =AD47+AJ47+AP47+AV47+BB47+BH47+BN47+BU47+CB47+CI47 -> 6.4849 | E47: =D47/D35-1 -> 0.43471239 | F47: =D47/D46-1 -> -0.42760764 | G47: =D47+G46 -> 49.893536 | H47: =G47/G35-1 -> 1.1888698 | I47: =AE47+AK47+AQ47+AW47+BC47+BI47+BO47+BV47+CC47+CJ47 -> 7.33 | J47: =I47/I35-1 -> 0.5264791 | K47: =I47/I46-1 -> -0.21377464 | L47: =L46+I47 -> 51.752617 | M47: =L47/L35-1 -> 1.6968675 | N47: =AF47+AL47+BD47+BJ47+AR47+AX47+BP47+BW47+CD47+CK47 -> 13.7898 | O47: =N47/N35-1 -> 0.4792907 | P47: =N47/N46-1 -> -0.33229368 | Q47: =Q46+N47 -> 101.62105 | R47: =Q47/Q35-1 -> 1.4204652 | S47: =AG47+AM47+AS47+AY47+BE47+BK47+BQ47+BX47+CE47+CL47 -> 74.3315 | T47: =S47/S35-1 -> -0.25232004 | U47: =S47/S46-1 -> -0.28938427 | V47: =V46+S47 -> 564.42578 | W47: =V47/V35-1 -> 0.1549644 | X47: =N47/S47 -> 0.18551758 | Y47: =X47-X35 -> 0.091751172 | Z47: =X47-X46 -> -0.011922085 | AA47: =Q47/V47 -> 0.18004325 | AB47: =AA47-AA35 -> 0.094132682 | AD47: 0.7576 | AE47: 1.0834 | AF47: 1.841 | AG47: 11.6 | AH47: =AF47/AG47 -> 0.1587069 | AJ47: 0.6731 | AK47: 0.2166 | AL47: 0.8897 | AM47: 1.0507 | AN47: =AL47/AM47 -> 0.84676882 | AP47: 0.2535 | AQ47: 0.3777 | AR47: 0.6312 | AS47: 1.6778 | AT47: =AR47/AS47 -> 0.37620694 | AV47: 0.2002 | AW47: 0.4041 | AX47: 0.6043 | AY47: 8.39 | AZ47: =AX47/AY47 -> 0.072026222 | BB47: 1.139 | BC47: 0.99 | BD47: 2.1039 | BE47: 12.3296 | BF47: =BD47/BE47 -> 0.17063814 | BH47: 2.5464 | BI47: 3.0154 | BJ47: 5.5618 | BK47: 23.6393 | BL47: =BJ47/BK47 -> 0.23527769 | BN47: 0.1856 | BO47: 0.18 | BP47: 0.3656 | BQ47: 1.9422 | BR47: =BP47/BQ47 -> 0.18824014 | BU47: 0.0859 | BV47: 0.1395 | BW47: 0.2254 | BX47: 1.2323 | BY47: =BW47/BX47 -> 0.18291001 | CB47: 0.5096 | CC47: 0.6272 | CD47: 1.1368 | CE47: 11.13 | CF47: =CD47/CE47 -> 0.10213836 | CI47: 0.134 | CJ47: 0.2961 | CK47: 0.4301 | CL47: 1.3396 | CM47: =CK47/CL47 -> 0.32106599
C48: 44409 | D48: =AD48+AJ48+AP48+AV48+BB48+BH48+BN48+BU48+CB48+CI48 -> 7.3618 | E48: =D48/D36-1 -> 0.83010988 | F48: =D48/D47-1 -> 0.13522182 | G48: =D48+G47 -> 57.255336 | H48: =G48/G36-1 -> 1.1350548 | I48: =AE48+AK48+AQ48+AW48+BC48+BI48+BO48+BV48+CC48+CJ48 -> 5.6405 | J48: =I48/I36-1 -> 0.47819592 | K48: =I48/I47-1 -> -0.23049113 | L48: =L47+I48 -> 57.393117 | M48: =L48/L36-1 -> 1.4947346 | N48: =AF48+AL48+BD48+BJ48+AR48+AX48+BP48+BW48+CD48+CK48 -> 13.0023 | O48: =N48/N36-1 -> 0.65879516 | P48: =N48/N47-1 -> -0.057107427 | Q48: =Q47+N48 -> 114.62335 | R48: =Q48/Q36-1 -> 1.3006343 | S48: =AG48+AM48+AS48+AY48+BE48+BK48+BQ48+BX48+CE48+CL48 -> 54.8469 | T48: =S48/S36-1 -> -0.17524575 | U48: =S48/S47-1 -> -0.26213113 | V48: =V47+S48 -> 619.27268 | W48: =V48/V36-1 -> 0.11541213 | X48: =N48/S48 -> 0.23706536 | Y48: =X48-X36 -> 0.11919628 | Z48: =X48-X47 -> 0.051547778 | AA48: =Q48/V48 -> 0.18509351 | AB48: =AA48-AA36 -> 0.095354977 | AD48: 0.9916 | AE48: 0.7488 | AF48: =AD48+AE48 -> 1.7404 | AG48: 8.8066 | AH48: =AF48/AG48 -> 0.19762451 | AJ48: 1.1811 | AK48: 0.2599 | AL48: =AJ48+AK48 -> 1.441 | AM48: 1.6427 | AN48: =AL48/AM48 -> 0.87721434 | AP48: 0.4781 | AQ48: 0.4541 | AR48: =AP48+AQ48 -> 0.9322 | AS48: 1.9808 | AT48: =AR48/AS48 -> 0.47061793 | AV48: 0.1511 | AW48: 0.2698 | AX48: =AV48+AW48 -> 0.4209 | AY48: 5.7181 | AZ48: =AX48/AY48 -> 0.073608366 | BB48: 0.7388 | BC48: 0.5049 | BD48: =BB48+BC48 -> 1.2437 | BE48: 6.8033 | BF48: =BD48/BE48 -> 0.18280834 | BH48: 2.886 | BI48: 2.4497 | BJ48: =BH48+BI48 -> 5.3357 | BK48: 19.3307 | BL48: =BJ48/BK48 -> 0.27602208 | BN48: 0.2242 | BO48: 0.1813 | BP48: =BN48+BO48 -> 0.4055 | BQ48: 1.6652 | BR48: =BP48/BQ48 -> 0.24351429 | BU48: 0.0814 | BV48: 0.112 | BW48: 0.1934 | BX48: 0.7971 | BY48: =BW48/BX48 -> 0.24262953 | CB48: 0.3247 | CC48: 0.3199 | CD48: =CB48+CC48 -> 0.6446 | CE48: 6.5185 | CF48: =CD48/CE48 -> 0.098887781 | CI48: 0.3048 | CJ48: 0.3401 | CK48: 0.6449 | CL48: 1.5839 | CM48: =CK48/CL48 -> 0.40715954
C49: 44440 | D49: =AD49+AJ49+AP49+AV49+BB49+BH49+BN49+BU49+CB49+CI49 -> 12.5017 | E49: =D49/D37-1 -> 0.64284212 | F49: =D49/D48-1 -> 0.69818523 | G49: =D49+G48 -> 69.757036 | H49: =G49/G37-1 -> 1.026254 | I49: =AE49+AK49+AQ49+AW49+BC49+BI49+BO49+BV49+CC49+CJ49 -> 7.1531 | J49: =I49/I37-1 -> 0.25069502 | K49: =I49/I48-1 -> 0.26816772 | L49: =L48+I49 -> 64.546217 | M49: =L49/L37-1 -> 1.2470397 | N49: =AF49+AL49+BD49+BJ49+AR49+AX49+BP49+BW49+CD49+CK49 -> 19.6548 | O49: =N49/N37-1 -> 0.47457818 | P49: =N49/N48-1 -> 0.51164025 | Q49: =Q48+N49 -> 134.27815 | R49: =Q49/Q37-1 -> 1.1262827 | S49: =AG49+AM49+AS49+AY49+BE49+BK49+BQ49+BX49+CE49+CL49 -> 79.7322 | T49: =S49/S37-1 -> -0.25551277 | U49: =S49/S48-1 -> 0.453723 | V49: =V48+S49 -> 699.00488 | W49: =V49/V37-1 -> 0.055431329 | X49: =N49/S49 -> 0.24651019 | Y49: =X49-X37 -> 0.12205176 | Z49: =X49-X48 -> 0.0094448346 | AA49: =Q49/V49 -> 0.19209902 | AB49: =AA49-AA37 -> 0.096746071 | AD49: 1.7121 | AE49: 1.1813 | AF49: =AD49+AE49 -> 2.8934 | AG49: 13.3762 | AH49: =AF49/AG49 -> 0.21630956 | AJ49: 1.3946 | AK49: 0.2508 | AL49: =AJ49+AK49 -> 1.6454 | AM49: 1.7992 | AN49: =AL49/AM49 -> 0.91451756 | AP49: 0.7454 | AQ49: 0.4751 | AR49: =AP49+AQ49 -> 1.2205 | AS49: 2.2634 | AT49: =AR49/AS49 -> 0.53923301 | AV49: 0.2916 | AW49: 0.3951 | AX49: =AV49+AW49 -> 0.6867 | AY49: 5.9641 | AZ49: =AX49/AY49 -> 0.11513891 | BB49: 3.2721 | BC49: 1.3884 | BD49: =BB49+BC49 -> 4.6605 | BE49: 21.5321 | BF49: =BD49/BE49 -> 0.21644429 | BH49: 3.3655 | BI49: 2.2842 | BJ49: =BH49+BI49 -> 5.6497 | BK49: 19.6972 | BL49: =BJ49/BK49 -> 0.28682757 | BN49: 0.4006 | BO49: 0.1828 | BP49: =BN49+BO49 -> 0.5834 | BQ49: 1.9648 | BR49: =BP49/BQ49 -> 0.2969259 | BU49: 0.1517 | BV49: 0.1197 | BW49: =BU49+BV49 -> 0.2714 | BX49: 1.0786 | BY49: =BW49/BX49 -> 0.25162247 | CB49: 0.8492 | CC49: 0.5507 | CD49: =CB49+CC49 -> 1.3999 | CE49: 10.6345 | CF49: =CD49/CE49 -> 0.13163759 | CI49: 0.3189 | CJ49: 0.325 | CK49: 0.6439 | CL49: 1.4221 | CM49: =CK49/CL49 -> 0.4527811
C50: 44470 | D50: =AD50+AJ50+AP50+AV50+BB50+BH50+BN50+BU50+CB50+CI50 -> 9.054 | E50: =D50/D38-1 -> 0.52150167 | F50: =D50/D49-1 -> -0.27577849 | G50: =D50+G49 -> 78.811036 | H50: =G50/G38-1 -> 0.95186494 | I50: =AE50+AK50+AQ50+AW50+BC50+BI50+BO50+BV50+CC50+CJ50 -> 6.6946 | J50: =I50/I38-1 -> 0.076665755 | K50: =I50/I49-1 -> -0.064098083 | L50: =L49+I50 -> 71.240817 | M50: =L50/L38-1 -> 1.038778 | N50: =AF50+AL50+BD50+BJ50+AR50+AX50+BP50+BW50+CD50+CK50 -> 15.7486 | O50: =N50/N38-1 -> 0.29419983 | P50: =N50/N49-1 -> -0.19874026 | Q50: =Q49+N50 -> 150.02675 | R50: =Q50/Q38-1 -> 0.99185282 | S50: =AG50+AM50+AS50+AY50+BE50+BK50+BQ50+BX50+CE50+CL50 -> 63.494 | T50: =S50/S38-1 -> -0.29215241 | U50: =S50/S49-1 -> -0.20365925 | V50: =V49+S50 -> 762.49888 | W50: =V50/V38-1 -> 0.013970454 | X50: =N50/S50 -> 0.24803288 | Y50: =X50-X38 -> 0.11237417 | Z50: =X50-X49 -> 0.0015226921 | AA50: =Q50/V50 -> 0.19675669 | AB50: =AA50-AA38 -> 0.096595939 | AD50: 1.5588 | AE50: 1.1526 | AF50: =AD50+AE50 -> 2.7114 | AG50: 11.8521 | AH50: =AF50/AG50 -> 0.22876959 | AJ50: 0.8116 | AK50: 0.2226 | AL50: =AJ50+AK50 -> 1.0342 | AM50: 1.1579 | AN50: =AL50/AM50 -> 0.89316867 | AP50: 0.4573 | AQ50: 0.5579 | AR50: =AP50+AQ50 -> 1.0152 | AS50: 1.9962 | AT50: =AR50/AS50 -> 0.50856628 | AV50: 0.2378 | AW50: 0.4204 | AX50: 0.6582 | AY50: 5.9044 | AZ50: =AX50/AY50 -> 0.11147619 | BB50: 1.6155 | BC50: 0.8382 | BD50: =BB50+BC50 -> 2.4537 | BE50: 10.6265 | BF50: =BD50/BE50 -> 0.23090387 | BH50: 3.056 | BI50: 2.3734 | BJ50: =BH50+BI50 -> 5.4294 | BK50: 17.8683 | BL50: =BJ50/BK50 -> 0.30385655 | BN50: 0.2191 | BO50: 0.1559 | BP50: =BN50+BO50 -> 0.375 | BQ50: 1.506 | BR50: =BP50/BQ50 -> 0.24900398 | BU50: 0.1715 | BV50: 0.1334 | BW50: =BU50+BV50 -> 0.3049 | BX50: 1.0576 | BY50: =BW50/BX50 -> 0.28829425 | CB50: 0.7134 | CC50: 0.5123 | CD50: =CB50+CC50 -> 1.2257 | CE50: 10.2585 | CF50: =CD50/CE50 -> 0.11948141 | CI50: 0.213 | CJ50: 0.3279 | CK50: 0.5409 | CL50: 1.2665 | CM50: =CK50/CL50 -> 0.42708251
C51: 44501 | D51: =AD51+AJ51+AP51+AV51+BB51+BH51+BN51+BU51+CB51+CI51 -> 11.3556 | E51: =D51/D39-1 -> 0.66029681 | F51: =D51/D50-1 -> 0.25420808 | G51: =D51+G50 -> 90.166636 | H51: =G51/G39-1 -> 0.90963039 | I51: =AE51+AK51+AQ51+AW51+BC51+BI51+BO51+BV51+CC51+CJ51 -> 7.6499 | J51: =I51/I39-1 -> 0.10506168 | K51: =I51/I50-1 -> 0.1426971 | L51: =L50+I51 -> 78.890717 | M51: =L51/L39-1 -> 0.88438492 | N51: =AF51+AL51+BD51+BJ51+AR51+AX51+BP51+BW51+CD51+CK51 -> 18.9468 | O51: =N51/N39-1 -> 0.37673756 | P51: =N51/N50-1 -> 0.20307837 | Q51: =Q50+N51 -> 168.97355 | R51: =Q51/Q39-1 -> 0.89682522 | S51: =AG51+AM51+AS51+AY51+BE51+BK51+BQ51+BX51+CE51+CL51 -> 69.3024 | T51: =S51/S39-1 -> -0.15707944 | U51: =S51/S50-1 -> 0.09147951 | V51: =V50+S51 -> 831.80128 | W51: =V51/V39-1 -> -0.0028876576 | X51: =N51/S51 -> 0.27339313 | Y51: =X51-X39 -> 0.10600561 | Z51: =X51-X50 -> 0.025360244 | AA51: =Q51/V51 -> 0.20314173 | AB51: =AA51-AA39 -> 0.096355336 | AD51: 1.6416 | AE51: 1.2162 | AF51: =AD51+AE51 -> 2.8578 | AG51: 12.1995 | AH51: =AF51/AG51 -> 0.2342555 | AJ51: 1.1274 | AK51: 0.2653 | AL51: =AJ51+AK51 -> 1.3927 | AM51: 1.5274 | AN51: =AL51/AM51 -> 0.91181092 | AP51: 0.5468 | AQ51: 0.596 | AR51: =AP51+AQ51 -> 1.1428 | AS51: 2.1056 | AT51: =AR51/AS51 -> 0.54274316 | AV51: 0.2773 | AW51: 0.4396 | AX51: 0.6582 | AY51: 6.6399 | AZ51: =AX51/AY51 -> 0.099127999 | BB51: 2.1726 | BC51: 1.0796 | BD51: =BB51+BC51 -> 3.2522 | BE51: 11.5706 | BF51: =BD51/BE51 -> 0.28107445 | BH51: 4.027 | BI51: 2.7899 | BJ51: =BH51+BI51 -> 6.8169 | BK51: 19.8258 | BL51: =BJ51/BK51 -> 0.34383985 | BN51: 0.3596 | BO51: 0.1981 | BP51: =BN51+BO51 -> 0.5577 | BQ51: 1.8825 | BR51: =BP51/BQ51 -> 0.29625498 | BU51: 0.2046 | BV51: 0.1453 | BW51: =BU51+BV51 -> 0.3499 | BX51: 1.3565 | BY51: =BW51/BX51 -> 0.25794324 | CB51: 0.6958 | CC51: 0.556 | CD51: 1.2518 | CE51: 10.699 | CF51: =CD51/CE51 -> 0.11700159 | CI51: 0.3029 | CJ51: 0.3639 | CK51: 0.6668 | CL51: 1.4956 | CM51: =CK51/CL51 -> 0.44584113
C52: 44531 | D52: =AD52+AJ52+AP52+AV52+BB52+BH52+BN52+BU52+CB52+CI52 -> 14.5215 | E52: =D52/D40-1 -> 0.13539696 | F52: =D52/D51-1 -> 0.27879636 | G52: =D52+G51 -> 104.68814 | H52: =G52/G40-1 -> 0.74461036 | I52: =AE52+AK52+AQ52+AW52+BC52+BI52+BO52+BV52+CC52+CJ52 -> 8.772 | J52: =I52/I40-1 -> -0.12171092 | K52: =I52/I51-1 -> 0.14668166 | L52: =L51+I52 -> 87.662717 | M52: =L52/L40-1 -> 0.69059741 | N52: =AF52+AL52+BD52+BJ52+AR52+AX52+BP52+BW52+CD52+CK52 -> 23.2935 | O52: =N52/N40-1 -> 0.022658425 | P52: =N52/N51-1 -> 0.22941605 | Q52: =Q51+N52 -> 192.26705 | R52: =Q52/Q40-1 -> 0.71882325 | S52: =AG52+AM52+AS52+AY52+BE52+BK52+BQ52+BX52+CE52+CL52 -> 77.5717 | T52: =S52/S40-1 -> -0.21040829 | U52: =S52/S51-1 -> 0.11932199 | V52: =V51+S52 -> 909.37298 | W52: =V52/V40-1 -> -0.024751932 | X52: =N52/S52 -> 0.30028348 | Y52: =X52-X40 -> 0.068435446 | Z52: =X52-X51 -> 0.02689035 | AA52: =Q52/V52 -> 0.21142816 | AB52: =AA52-AA40 -> 0.091465327 | AD52: 2.3172 | AE52: 1.5497 | AF52: =AE52+AD52 -> 3.8669 | AG52: 15.8118 | AH52: =AF52/AG52 -> 0.24455786 | AJ52: 1.3803 | AK52: 0.4706 | AL52: 1.8509 | AM52: 2.0567 | AN52: =AL52/AM52 -> 0.89993679 | AP52: 1.0041 | AQ52: 0.6692 | AR52: 1.6733 | AS52: 2.7582 | AT52: =AR52/AS52 -> 0.60666377 | AV52: 0.3503 | AW52: 0.4819 | AX52: 0.8322 | AY52: 8.6081 | AZ52: =AX52/AY52 -> 0.096676386 | BB52: 2.7705 | BC52: 0.8336 | BD52: 3.6041 | BE52: 10.8596 | BF52: =BD52/BE52 -> 0.33188147 | BH52: 4.8436 | BI52: 3.2752 | BJ52: 8.1188 | BK52: 22.763 | BL52: =BJ52/BK52 -> 0.35666652 | BN52: 0.5613 | BO52: 0.2453 | BP52: 0.8066 | BQ52: 2.4523 | BR52: =BP52/BQ52 -> 0.32891571 | BU52: 0.1972 | BV52: 0.1299 | BW52: 0.3271 | BX52: 1.5889 | BY52: =BW52/BX52 -> 0.20586569 | CB52: 0.6205 | CC52: 0.5657 | CD52: 1.1862 | CE52: 8.8971 | CF52: =CD52/CE52 -> 0.13332434 | CI52: 0.4765 | CJ52: 0.5509 | CK52: 1.0274 | CL52: 1.776 | CM52: =CK52/CL52 -> 0.57849099
C53: 44562 | D53: =AD53+AJ53+AP53+AV53+BB53+BH53+BN53+BU53+CB53+CI53 -> 6.8064 | E53: =D53/D41-1 -> 0.67011827 | F53: =D53/D52-1 -> -0.53128809 | G53: =D53 -> 6.8064 | H53: =G53/G41-1 -> 0.67011827 | I53: =AE53+AK53+AQ53+AW53+BC53+BI53+BO53+BV53+CC53+CJ53 -> 5.4473 | J53: =I53/I41-1 -> 0.040732886 | K53: =I53/I52-1 -> -0.37901277 | L53: =I53 -> 5.4473 | M53: =L53/L41-1 -> 0.040732886 | N53: =AF53+AL53+BD53+BJ53+AR53+AX53+BP53+BW53+CD53+CK53 -> 12.2537 | O53: =N53/N41-1 -> 0.31625759 | P53: =N53/N52-1 -> -0.47394337 | Q53: =N53 -> 12.2537 | R53: =Q53/Q41-1 -> 0.31625759 | S53: =AG53+AM53+AS53+AY53+BE53+BK53+BQ53+BX53+CE53+CL53 -> 62.7813 | T53: =S53/S41-1 -> -0.020818484 | U53: =S53/S52-1 -> -0.19066747 | V53: =S53 -> 62.7813 | W53: =V53/V41-1 -> -0.020818484 | X53: =N53/S53 -> 0.19518073 | Y53: =X53-X41 -> 0.04998319 | Z53: =X53-X52 -> -0.10510275 | AA53: =Q53/V53 -> 0.19518073 | AB53: =AA53-AA41 -> 0.04998319 | AD53: 1.0217 | AE53: 0.7934 | AF53: =AE53+AD53 -> 1.8151 | AG53: 10.2899 | AH53: =AF53/AG53 -> 0.17639627 | AJ53: 0.666 | AK53: 0.0539 | AL53: 0.7199 | AM53: 0.7957 | AN53: =AL53/AM53 -> 0.90473797 | AP53: 0.5159 | AQ53: 0.5363 | AR53: =AP53+AQ53 -> 1.0522 | AS53: 1.9893 | AT53: =AR53/AS53 -> 0.52892977 | AV53: 0.2188 | AW53: 0.3218 | AX53: =AV53+AW53 -> 0.5406 | AY53: 5.1828 | AZ53: =AX53/AY53 -> 0.10430655 | BB53: 1.4433 | BC53: 0.9047 | BD53: =BB53+BC53 -> 2.348 | BE53: 11.5087 | BF53: =BD53/BE53 -> 0.20401957 | BH53: 2.0892 | BI53: 1.89 | BJ53: =BH53+BI53 -> 3.9792 | BK53: 18.4112 | BL53: =BJ53/BK53 -> 0.21612931 | BN53: 0.2126 | BO53: 0.1531 | BP53: =BN53+BO53 -> 0.3657 | BQ53: 1.5899 | BR53: =BP53/BQ53 -> 0.23001447 | BU53: 0.1061 | BV53: 0.1267 | BW53: =BU53+BV53 -> 0.2328 | BX53: 1.1723 | BY53: =BW53/BX53 -> 0.19858398 | CB53: 0.3658 | CC53: 0.5461 | CD53: =CB53+CC53 -> 0.9119 | CE53: 10.9008 | CF53: =CD53/CE53 -> 0.083654411 | CI53: 0.167 | CJ53: 0.1213 | CK53: 0.2883 | CL53: 0.9407 | CM53: =CK53/CL53 -> 0.3064739
C54: 44593 | D54: =AD54+AJ54+AP54+AV54+BB54+BH54+BN54+BU54+CB54+CI54 -> 7.508 | E54: =D54/D42-1 -> 0.435029 | F54: =D54/D53-1 -> 0.10307945 | G54: =D54+G53 -> 14.3144 | H54: =G54/G42-1 -> 0.53796731 | I54: =AE54+AK54+AQ54+AW54+BC54+BI54+BO54+BV54+CC54+CJ54 -> 5.6321 | J54: =I54/I42-1 -> -0.032974769 | K54: =I54/I53-1 -> 0.033925064 | L54: =L53+I54 -> 11.0794 | M54: =L54/L42-1 -> 0.0019125992 | N54: =AF54+AL54+BD54+BJ54+AR54+AX54+BP54+BW54+CD54+CK54 -> 13.1401 | O54: =N54/N42-1 -> 0.18849323 | P54: =N54/N53-1 -> 0.072337335 | Q54: =Q53+N54 -> 25.3938 | R54: =Q54/Q42-1 -> 0.24689673 | S54: =AG54+AM54+AS54+AY54+BE54+BK54+BQ54+BX54+CE54+CL54 -> 61.9368 | T54: =S54/S42-1 -> -0.09366108 | U54: =S54/S53-1 -> -0.013451458 | V54: =V53+S54 -> 124.7181 | W54: =V54/V42-1 -> -0.058400517 | X54: =N54/S54 -> 0.21215336 | Y54: =X54-X42 -> 0.050366281 | Z54: =X54-X53 -> 0.016972626 | AA54: =Q54/V54 -> 0.20360958 | AB54: =AA54-AA42 -> 0.049852921 | AD54: 1.3454 | AE54: 0.9686 | AF54: =AE54+AD54 -> 2.314 | AG54: 11.5384 | AH54: =AF54/AG54 -> 0.20054774 | AJ54: 0.6159 | AK54: 0.0852 | AL54: =AK54+AJ54 -> 0.7011 | AM54: 0.8147 | AN54: =AL54/AM54 -> 0.86056217 | AP54: 0.5411 | AQ54: 0.5495 | AR54: =AP54+AQ54 -> 1.0906 | AS54: 2.1136 | AT54: =AR54/AS54 -> 0.51599167 | AV54: 0.2858 | AW54: 0.3979 | AX54: =AV54+AW54 -> 0.6837 | AY54: 6.2103 | AZ54: =AX54/AY54 -> 0.1100913 | BB54: 1.0417 | BC54: 0.4677 | BD54: =BB54+BC54 -> 1.5094 | BE54: 5.8994 | BF54: =BD54/BE54 -> 0.25585653 | BH54: 2.8306 | BI54: 2.1583 | BJ54: =BH54+BI54 -> 4.9889 | BK54: 20.0512 | BL54: =BJ54/BK54 -> 0.24880805 | BN54: 0.2441 | BO54: 0.151 | BP54: =BN54+BO54 -> 0.3951 | BQ54: 1.6606 | BR54: =BP54/BQ54 -> 0.23792605 | BU54: 0.1137 | BV54: 0.135 | BW54: =BU54+BV54 -> 0.2487 | BX54: 1.3765 | BY54: =BW54/BX54 -> 0.18067563 | CB54: 0.3175 | CC54: 0.5473 | CD54: =CB54+CC54 -> 0.8648 | CE54: 11.2518 | CF54: =CD54/CE54 -> 0.076858814 | CI54: 0.1722 | CJ54: 0.1716 | CK54: 0.3438 | CL54: 1.0203 | CM54: =CK54/CL54 -> 0.33695972
C55: 44621 | D55: =AD55+AJ55+AP55+AV55+BB55+BH55+BN55+BU55+CB55+CI55 -> 13.2883 | E55: =D55/D43-1 -> 0.57916003 | F55: =D55/D54-1 -> 0.76988546 | G55: =D55+G54 -> 27.6027 | H55: =G55/G43-1 -> 0.55752635 | I55: =AE55+AK55+AQ55+AW55+BC55+BI55+BO55+BV55+CC55+CJ55 -> 7.8041 | J55: =I55/I43-1 -> -0.17535 | K55: =I55/I54-1 -> 0.38564656 | L55: =L54+I55 -> 18.8835 | M55: =L55/L43-1 -> -0.079831282 | N55: =AF55+AL55+BD55+BJ55+AR55+AX55+BP55+BW55+CD55+CK55 -> 21.0924 | O55: =N55/N43-1 -> 0.17977528 | P55: =N55/N54-1 -> 0.60519326 | Q55: =Q54+N55 -> 46.4862 | R55: =Q55/Q43-1 -> 0.2155187 | S55: =AG55+AM55+AS55+AY55+BE55+BK55+BQ55+BX55+CE55+CL55 -> 91.0375 | T55: =S55/S43-1 -> -0.020150538 | U55: =S55/S54-1 -> 0.46984507 | V55: =V54+S55 -> 215.7556 | W55: =V55/V43-1 -> -0.04263133 | X55: =N55/S55 -> 0.23168914 | Y55: =X55-X43 -> 0.039262257 | Z55: =X55-X54 -> 0.019535783 | AA55: =Q55/V55 -> 0.21545768 | AB55: =AA55-AA43 -> 0.045758577 | AD55: 1.9835 | AE55: 1.169 | AF55: =AE55+AD55 -> 3.1525 | AG55: 14.7077 | AH55: =AF55/AG55 -> 0.21434351 | AJ55: 1.3983 | AK55: 0.0947 | AL55: =AK55+AJ55 -> 1.493 | AM55: 1.6238 | AN55: =AL55/AM55 -> 0.91944821 | AP55: 0.9141 | AQ55: 0.6809 | AR55: =AP55+AQ55 -> 1.595 | AS55: 2.871 | AT55: =AR55/AS55 -> 0.55555556 | AV55: 0.309 | AW55: 0.3307 | AX55: =AV55+AW55 -> 0.6397 | AY55: 5.992 | AZ55: =AX55/AY55 -> 0.10675901 | BB55: 3.9315 | BC55: 1.6037 | BD55: =BB55+BC55 -> 5.5352 | BE55: 24.3479 | BF55: =BD55/BE55 -> 0.22733788 | BH55: 3.4474 | BI55: 2.7288 | BJ55: =BH55+BI55 -> 6.1762 | BK55: 24.133 | BL55: =BJ55/BK55 -> 0.25592342 | BN55: 0.4253 | BO55: 0.1957 | BP55: =BN55+BO55 -> 0.621 | BQ55: 2.1722 | BR55: =BP55/BQ55 -> 0.28588528 | BU55: 0.1724 | BV55: 0.1303 | BW55: =BU55+BV55 -> 0.3027 | BX55: 1.5711 | BY55: =BW55/BX55 -> 0.19266756 | CB55: 0.4511 | CC55: 0.6083 | CD55: =CB55+CC55 -> 1.0594 | CE55: 12.1565 | CF55: =CD55/CE55 -> 0.087146794 | CI55: 0.2557 | CJ55: 0.262 | CK55: 0.5177 | CL55: 1.4623 | CM55: =CK55/CL55 -> 0.35403132
